game_id,date,utc_date,utc_time,white_player,black_player,white_elo,black_elo,white_rating_diff,black_rating_diff,result,winner,num_moves,time_control,eco,termination,variant,site
euTIepDn,2025.11.11,2025.11.11,15:16:08,AuraChessTransformer,AuraChessCNN,1584,1519,-1,+1,1/2-1/2,Draw,50,180+2,A46,Normal,Standard,https://lichess.org/euTIepDn
qLtehhxd,2025.11.11,2025.11.11,15:15:46,AuraChessCNN,AuraChessTransformer,1512,1591,+7,-7,1-0,AuraChessCNN,30,180+2,B06,Normal,Standard,https://lichess.org/qLtehhxd
yUmq5927,2025.11.11,2025.11.11,15:15:04,AuraChessTransformer,AuraChessCNN,1593,1511,-2,+1,1/2-1/2,Draw,61,180+2,D27,Normal,Standard,https://lichess.org/yUmq5927
0FEHbp3I,2025.11.11,2025.11.11,15:14:30,AuraChessTransformer,AuraChessCNN,1588,1515,+5,-4,1-0,AuraChessTransformer,51,180+2,E94,Normal,Standard,https://lichess.org/0FEHbp3I
8dccm5I4,2025.11.11,2025.11.11,15:13:55,AuraChessCNN,AuraChessTransformer,1520,1583,-5,+5,0-1,AuraChessTransformer,48,180+2,B88,Normal,Standard,https://lichess.org/8dccm5I4
XDWSabTQ,2025.11.11,2025.11.11,15:13:27,AuraChessTransformer,AuraChessCNN,1590,1513,-7,+7,0-1,AuraChessCNN,40,180+2,B13,Normal,Standard,https://lichess.org/XDWSabTQ
YaaLm22W,2025.11.11,2025.11.11,15:12:58,AuraChessCNN,AuraChessTransformer,1518,1586,-5,+4,0-1,AuraChessTransformer,40,180+2,E81,Normal,Standard,https://lichess.org/YaaLm22W
YIqQ3doU,2025.11.11,2025.11.11,15:12:19,AuraChessCNN,AuraChessTransformer,1517,1587,+1,-1,1/2-1/2,Draw,55,180+2,E43,Normal,Standard,https://lichess.org/YIqQ3doU
5Avg6HoA,2025.11.11,2025.11.11,15:12:01,AuraChessCNN,AuraChessTransformer,1509,1594,+8,-7,1-0,AuraChessCNN,23,180+2,B12,Normal,Standard,https://lichess.org/5Avg6HoA
ugWiOFOi,2025.11.11,2025.11.11,15:11:33,AuraChessCNN,AuraChessTransformer,1514,1589,-5,+5,0-1,AuraChessTransformer,40,180+2,D26,Normal,Standard,https://lichess.org/ugWiOFOi
oeBKESLo,2025.11.11,2025.11.11,15:10:51,AuraChessTransformer,AuraChessCNN,1590,1513,-1,+1,1/2-1/2,Draw,61,180+2,D27,Normal,Standard,https://lichess.org/oeBKESLo
rfu8HEpM,2025.11.11,2025.11.11,15:10:27,AuraChessCNN,AuraChessTransformer,1506,1598,+7,-8,1-0,AuraChessCNN,34,180+2,E04,Normal,Standard,https://lichess.org/rfu8HEpM
CtY13TK4,2025.11.11,2025.11.11,15:10:07,AuraChessCNN,AuraChessTransformer,1504,1599,+2,-1,1/2-1/2,Draw,25,180+2,D12,Normal,Standard,https://lichess.org/CtY13TK4
ArShLaSC,2025.11.11,2025.11.11,15:09:42,AuraChessTransformer,AuraChessCNN,1595,1508,+4,-4,1-0,AuraChessTransformer,36,180+2,C10,Normal,Standard,https://lichess.org/ArShLaSC
iNh3o1q9,2025.11.11,2025.11.11,15:09:09,AuraChessCNN,AuraChessTransformer,1513,1590,-5,+5,0-1,AuraChessTransformer,45,180+2,B12,Normal,Standard,https://lichess.org/iNh3o1q9
Opnx2sg7,2025.11.11,2025.11.11,15:08:44,AuraChessCNN,AuraChessTransformer,1517,1586,-4,+4,0-1,AuraChessTransformer,35,180+2,D46,Normal,Standard,https://lichess.org/Opnx2sg7
LuEQP7lY,2025.11.11,2025.11.11,15:08:12,AuraChessCNN,AuraChessTransformer,1510,1593,+7,-7,1-0,AuraChessCNN,47,180+2,A34,Normal,Standard,https://lichess.org/LuEQP7lY
QcjmMSLi,2025.11.11,2025.11.11,15:07:18,AuraChessCNN,AuraChessTransformer,1515,1588,-5,+5,0-1,AuraChessTransformer,78,180+2,D37,Normal,Standard,https://lichess.org/QcjmMSLi
lgOAtG4V,2025.11.11,2025.11.11,15:06:34,AuraChessCNN,AuraChessTransformer,1520,1583,-5,+5,0-1,AuraChessTransformer,64,180+2,C60,Normal,Standard,https://lichess.org/lgOAtG4V
s5ZDQNE0,2025.11.11,2025.11.11,15:06:16,AuraChessTransformer,AuraChessCNN,1590,1513,-7,+7,0-1,AuraChessCNN,22,180+2,E71,Normal,Standard,https://lichess.org/s5ZDQNE0
n2gGUjhN,2025.11.11,2025.11.11,15:05:56,AuraChessCNN,AuraChessTransformer,1505,1598,+8,-8,1-0,AuraChessCNN,27,180+2,B92,Normal,Standard,https://lichess.org/n2gGUjhN
4rIRnFF8,2025.11.11,2025.11.11,15:05:22,AuraChessTransformer,AuraChessCNN,1593,1510,+5,-5,1-0,AuraChessTransformer,49,180+2,A21,Normal,Standard,https://lichess.org/4rIRnFF8
Y8UXspr4,2025.11.11,2025.11.11,15:04:56,AuraChessTransformer,AuraChessCNN,1589,1514,+4,-4,1-0,AuraChessTransformer,35,180+2,E10,Normal,Standard,https://lichess.org/Y8UXspr4
HyvVKAB4,2025.11.11,2025.11.11,15:04:31,AuraChessCNN,AuraChessTransformer,1507,1596,+7,-7,1-0,AuraChessCNN,35,180+2,A04,Normal,Standard,https://lichess.org/HyvVKAB4
KtailT6f,2025.11.11,2025.11.11,15:04:05,AuraChessTransformer,AuraChessCNN,1597,1506,-1,+1,1/2-1/2,Draw,37,180+2,D14,Normal,Standard,https://lichess.org/KtailT6f
V1UaB1XP,2025.11.11,2025.11.11,15:03:28,AuraChessTransformer,AuraChessCNN,1593,1510,+4,-4,1-0,AuraChessTransformer,51,180+2,E94,Normal,Standard,https://lichess.org/V1UaB1XP
6BnzRsbO,2025.11.11,2025.11.11,15:02:42,AuraChessTransformer,AuraChessCNN,1588,1515,+5,-5,1-0,AuraChessTransformer,67,180+2,D13,Normal,Standard,https://lichess.org/6BnzRsbO
K1PBnIW0,2025.11.11,2025.11.11,15:02:11,AuraChessTransformer,AuraChessCNN,1589,1513,-1,+2,1/2-1/2,Draw,45,180+2,E12,Normal,Standard,https://lichess.org/K1PBnIW0
U07ZnfIp,2025.11.11,2025.11.11,15:01:33,AuraChessTransformer,AuraChessCNN,1591,1512,-2,+1,1/2-1/2,Draw,53,180+2,B04,Normal,Standard,https://lichess.org/U07ZnfIp
G1OYXksa,2025.11.11,2025.11.11,15:01:06,AuraChessTransformer,AuraChessCNN,1592,1511,-1,+1,1/2-1/2,Draw,37,180+2,D10,Normal,Standard,https://lichess.org/G1OYXksa
0VLrcU4r,2025.11.11,2025.11.11,15:00:32,AuraChessCNN,AuraChessTransformer,1509,1593,+2,-1,1/2-1/2,Draw,47,180+2,C43,Normal,Standard,https://lichess.org/0VLrcU4r
gySJXdie,2025.11.11,2025.11.11,15:00:08,AuraChessTransformer,AuraChessCNN,1589,1514,+4,-5,1-0,AuraChessTransformer,33,180+2,B10,Normal,Standard,https://lichess.org/gySJXdie
Au2aFRMC,2025.11.11,2025.11.11,14:59:20,AuraChessTransformer,AuraChessCNN,1584,1519,+5,-5,1-0,AuraChessTransformer,70,180+2,D46,Normal,Standard,https://lichess.org/Au2aFRMC
cVsArN4E,2025.11.11,2025.11.11,14:58:40,AuraChessCNN,AuraChessTransformer,1523,1579,-4,+5,0-1,AuraChessTransformer,56,180+2,C84,Normal,Standard,https://lichess.org/cVsArN4E
w3umwSsT,2025.11.11,2025.11.11,14:58:19,AuraChessCNN,AuraChessTransformer,1528,1574,-5,+5,0-1,AuraChessTransformer,29,180+2,A28,Normal,Standard,https://lichess.org/w3umwSsT
KEqzK7so,2025.11.11,2025.11.11,14:57:42,AuraChessTransformer,AuraChessCNN,1569,1533,+5,-5,1-0,AuraChessTransformer,54,180+2,A40,Normal,Standard,https://lichess.org/KEqzK7so
Pjdv4KMI,2025.11.11,2025.11.11,14:57:08,AuraChessTransformer,AuraChessCNN,1564,1539,+5,-6,1-0,AuraChessTransformer,47,180+2,B01,Normal,Standard,https://lichess.org/Pjdv4KMI
NsHxK1iM,2025.11.11,2025.11.11,14:56:50,AuraChessCNN,AuraChessTransformer,1544,1559,-5,+5,0-1,AuraChessTransformer,24,180+2,B33,Normal,Standard,https://lichess.org/NsHxK1iM
VBLOJNCq,2025.11.11,2025.11.11,14:56:14,AuraChessCNN,AuraChessTransformer,1550,1553,-6,+6,0-1,AuraChessTransformer,53,180+2,B17,Normal,Standard,https://lichess.org/VBLOJNCq
OeOWpzQn,2025.11.11,2025.11.11,14:55:27,AuraChessCNN,AuraChessTransformer,1550,1553,+0,+0,1/2-1/2,Draw,68,180+2,B08,Normal,Standard,https://lichess.org/OeOWpzQn
06XocR54,2025.11.11,2025.11.11,14:54:58,AuraChessTransformer,AuraChessCNN,1553,1550,+0,+0,1/2-1/2,Draw,39,180+2,B09,Normal,Standard,https://lichess.org/06XocR54
zoKWiDJ2,2025.11.11,2025.11.11,14:54:21,AuraChessCNN,AuraChessTransformer,1550,1553,+0,+0,1/2-1/2,Draw,53,180+2,C60,Normal,Standard,https://lichess.org/zoKWiDJ2
oCqAYxNT,2025.11.11,2025.11.11,14:54:00,AuraChessCNN,AuraChessTransformer,1555,1547,-5,+6,0-1,AuraChessTransformer,28,180+2,E48,Normal,Standard,https://lichess.org/oCqAYxNT
M77QI8x8,2025.11.11,2025.11.11,14:53:39,AuraChessCNN,AuraChessTransformer,1561,1541,-6,+6,0-1,AuraChessTransformer,28,180+2,E48,Normal,Standard,https://lichess.org/M77QI8x8
eV7OSeG5,2025.11.11,2025.11.11,14:53:00,AuraChessTransformer,AuraChessCNN,1541,1562,+0,-1,1/2-1/2,Draw,55,180+2,B52,Normal,Standard,https://lichess.org/eV7OSeG5
oFBjarnF,2025.11.11,2025.11.11,14:52:24,AuraChessCNN,AuraChessTransformer,1562,1541,+0,+0,1/2-1/2,Draw,53,180+2,B12,Normal,Standard,https://lichess.org/oFBjarnF
NzdjWckh,2025.11.11,2025.11.11,14:51:46,AuraChessCNN,AuraChessTransformer,1568,1534,-6,+7,0-1,AuraChessTransformer,53,180+2,C42,Normal,Standard,https://lichess.org/NzdjWckh
hgBa8G1K,2025.11.11,2025.11.11,14:51:22,AuraChessCNN,AuraChessTransformer,1563,1540,+5,-6,1-0,AuraChessCNN,33,180+2,E12,Normal,Standard,https://lichess.org/hgBa8G1K
n29v8FQD,2025.11.11,2025.11.11,14:50:37,AuraChessTransformer,AuraChessCNN,1539,1563,+1,+0,1/2-1/2,Draw,66,180+2,A28,Normal,Standard,https://lichess.org/n29v8FQD
tBdakrT5,2025.11.11,2025.11.11,14:50:20,AuraChessCNN,AuraChessTransformer,1558,1545,+5,-6,1-0,AuraChessCNN,22,180+2,C46,Normal,Standard,https://lichess.org/tBdakrT5
CXyYwVnY,2025.11.11,2025.11.11,14:50:02,AuraChessCNN,AuraChessTransformer,1564,1539,-6,+6,0-1,AuraChessTransformer,22,180+2,C78,Normal,Standard,https://lichess.org/CXyYwVnY
FBNrPf9y,2025.11.11,2025.11.11,14:49:26,AuraChessTransformer,AuraChessCNN,1538,1564,+1,+0,1/2-1/2,Draw,54,180+2,B92,Normal,Standard,https://lichess.org/FBNrPf9y
mliApRsJ,2025.11.11,2025.11.11,14:48:53,AuraChessTransformer,AuraChessCNN,1532,1571,+6,-7,1-0,AuraChessTransformer,46,180+2,C42,Normal,Standard,https://lichess.org/mliApRsJ
KtHx6p9I,2025.11.11,2025.11.11,14:48:26,AuraChessCNN,AuraChessTransformer,1565,1537,+6,-5,1-0,AuraChessCNN,38,180+2,C73,Normal,Standard,https://lichess.org/KtHx6p9I
BdypGbJY,2025.11.11,2025.11.11,14:47:39,AuraChessTransformer,AuraChessCNN,1531,1572,+6,-7,1-0,AuraChessTransformer,70,180+2,D46,Normal,Standard,https://lichess.org/BdypGbJY
SL2YYi2F,2025.11.11,2025.11.11,14:47:11,AuraChessTransformer,AuraChessCNN,1524,1578,+7,-6,1-0,AuraChessTransformer,39,180+2,A34,Normal,Standard,https://lichess.org/SL2YYi2F
OKhQ2clz,2025.11.11,2025.11.11,14:46:31,AuraChessTransformer,AuraChessCNN,1523,1579,+1,-1,1/2-1/2,Draw,57,180+2,B07,Normal,Standard,https://lichess.org/OKhQ2clz
0pf9mhP8,2025.11.11,2025.11.11,14:45:57,AuraChessCNN,AuraChessTransformer,1586,1516,-7,+7,0-1,AuraChessTransformer,47,180+2,B83,Normal,Standard,https://lichess.org/0pf9mhP8
wewwxJas,2025.11.11,2025.11.11,14:45:22,AuraChessTransformer,AuraChessCNN,1521,1581,-5,+5,0-1,AuraChessCNN,51,180+2,D32,Normal,Standard,https://lichess.org/wewwxJas
SApQpGT8,2025.11.11,2025.11.11,14:44:49,AuraChessCNN,AuraChessTransformer,1576,1526,+5,-5,1-0,AuraChessCNN,45,180+2,A53,Normal,Standard,https://lichess.org/SApQpGT8
Cx4gIRd7,2025.11.11,2025.11.11,14:44:30,AuraChessCNN,AuraChessTransformer,1571,1531,+5,-5,1-0,AuraChessCNN,27,180+2,B92,Normal,Standard,https://lichess.org/Cx4gIRd7
sL0agCxO,2025.11.11,2025.11.11,14:44:02,AuraChessTransformer,AuraChessCNN,1530,1572,+1,-1,1/2-1/2,Draw,37,180+2,D14,Normal,Standard,https://lichess.org/sL0agCxO
E12Tqdi9,2025.11.11,2025.11.11,14:43:24,AuraChessTransformer,AuraChessCNN,1535,1567,-5,+5,0-1,AuraChessCNN,57,180+2,A47,Normal,Standard,https://lichess.org/E12Tqdi9
BNAmK0CX,2025.11.11,2025.11.11,14:42:59,AuraChessTransformer,AuraChessCNN,1541,1561,-6,+6,0-1,AuraChessCNN,33,180+2,C88,Normal,Standard,https://lichess.org/BNAmK0CX
XeIpLZyC,2025.11.11,2025.11.11,14:42:26,AuraChessCNN,AuraChessTransformer,1568,1534,-7,+7,0-1,AuraChessTransformer,47,180+2,D58,Normal,Standard,https://lichess.org/XeIpLZyC
QRIo58mN,2025.11.11,2025.11.11,14:41:51,AuraChessCNN,AuraChessTransformer,1574,1528,-6,+6,0-1,AuraChessTransformer,48,180+2,B88,Normal,Standard,https://lichess.org/QRIo58mN
FD1qz2jP,2025.11.11,2025.11.11,14:41:17,AuraChessTransformer,AuraChessCNN,1521,1581,+7,-7,1-0,AuraChessTransformer,51,180+2,E94,Normal,Standard,https://lichess.org/FD1qz2jP
zLtYP8Dq,2025.11.11,2025.11.11,14:40:56,AuraChessCNN,AuraChessTransformer,1581,1521,,,1-0,AuraChessCNN,27,180+2,B92,Normal,Standard,https://lichess.org/zLtYP8Dq
Ql9vihn6,2025.11.11,2025.11.11,14:40:36,AuraChessCNN,AuraChessTransformer,1581,1521,,,1-0,AuraChessCNN,27,180+2,B92,Normal,Standard,https://lichess.org/Ql9vihn6
4u2yKxC0,2025.11.11,2025.11.11,14:40:02,AuraChessCNN,AuraChessTransformer,1576,1526,+5,-5,1-0,AuraChessCNN,50,180+2,D39,Normal,Standard,https://lichess.org/4u2yKxC0
xbZUqGcI,2025.11.11,2025.11.11,14:39:42,AuraChessCNN,AuraChessTransformer,1571,1531,+5,-5,1-0,AuraChessCNN,27,180+2,B92,Normal,Standard,https://lichess.org/xbZUqGcI
qnJF3LX0,2025.11.11,2025.11.11,14:39:09,AuraChessCNN,AuraChessTransformer,1577,1525,-6,+6,0-1,AuraChessTransformer,45,180+2,C10,Normal,Standard,https://lichess.org/qnJF3LX0
9SqesJLE,2025.11.11,2025.11.11,14:38:33,AuraChessCNN,AuraChessTransformer,1572,1530,+5,-5,1-0,AuraChessCNN,53,180+2,B09,Normal,Standard,https://lichess.org/9SqesJLE
vnt0t59K,2025.11.11,2025.11.11,14:37:59,AuraChessCNN,AuraChessTransformer,1579,1523,-7,+7,0-1,AuraChessTransformer,47,180+2,B83,Normal,Standard,https://lichess.org/vnt0t59K
Zv7c9Ynk,2025.11.11,2025.11.11,14:37:33,AuraChessTransformer,AuraChessCNN,1528,1574,-5,+5,0-1,AuraChessCNN,37,180+2,E32,Normal,Standard,https://lichess.org/Zv7c9Ynk
7Dczh4ZM,2025.11.11,2025.11.11,14:37:01,AuraChessCNN,AuraChessTransformer,1569,1533,+5,-5,1-0,AuraChessCNN,45,180+2,A08,Normal,Standard,https://lichess.org/7Dczh4ZM
1DgaAmPY,2025.11.11,2025.11.11,14:36:42,AuraChessTransformer,AuraChessCNN,1533,1569,+0,+0,1/2-1/2,Draw,25,180+2,E21,Normal,Standard,https://lichess.org/1DgaAmPY
2sOWAzmQ,2025.11.11,2025.11.11,14:35:57,AuraChessTransformer,AuraChessCNN,1526,1576,+7,-7,1-0,AuraChessTransformer,64,180+2,E60,Normal,Standard,https://lichess.org/2sOWAzmQ
vhdsqxqY,2025.11.11,2025.11.11,14:35:35,AuraChessCNN,AuraChessTransformer,1571,1531,+5,-5,1-0,AuraChessCNN,31,180+2,D24,Normal,Standard,https://lichess.org/vhdsqxqY
RRaVRfH3,2025.11.11,2025.11.11,14:35:05,AuraChessCNN,AuraChessTransformer,1577,1525,-6,+6,0-1,AuraChessTransformer,39,180+2,E81,Normal,Standard,https://lichess.org/RRaVRfH3
7oWgIvvL,2025.11.11,2025.11.11,14:34:47,AuraChessTransformer,AuraChessCNN,1518,1584,+7,-7,1-0,AuraChessTransformer,28,180+2,C10,Normal,Standard,https://lichess.org/7oWgIvvL
erRL9uVj,2025.11.11,2025.11.11,14:34:04,AuraChessTransformer,AuraChessCNN,1523,1579,-5,+5,0-1,AuraChessCNN,32,180+2,C18,Normal,Standard,https://lichess.org/erRL9uVj
t1OBrPHk,2025.11.11,2025.11.11,14:33:31,AuraChessTransformer,AuraChessCNN,1516,1586,+7,-7,1-0,AuraChessTransformer,49,180+2,C07,Normal,Standard,https://lichess.org/t1OBrPHk
mnxZ475q,2025.11.11,2025.11.11,14:33:04,AuraChessTransformer,AuraChessCNN,1520,1581,-4,+5,0-1,AuraChessCNN,37,180+2,C54,Normal,Standard,https://lichess.org/mnxZ475q
jsv10Tsa,2025.11.11,2025.11.11,14:32:25,AuraChessTransformer,AuraChessCNN,1525,1576,-5,+5,0-1,AuraChessCNN,56,180+2,E41,Normal,Standard,https://lichess.org/jsv10Tsa
Dj06dt1Q,2025.11.11,2025.11.11,14:31:41,AuraChessCNN,AuraChessTransformer,1571,1530,+5,-5,1-0,AuraChessCNN,63,180+2,A10,Normal,Standard,https://lichess.org/Dj06dt1Q
7QP4hPgG,2025.11.11,2025.11.11,14:31:20,AuraChessTransformer,AuraChessCNN,1524,1578,+6,-7,1-0,AuraChessTransformer,29,180+2,D37,Normal,Standard,https://lichess.org/7QP4hPgG
Sw2wAME1,2025.11.11,2025.11.11,14:30:34,AuraChessCNN,AuraChessTransformer,1585,1517,-7,+7,0-1,AuraChessTransformer,66,180+2,B10,Normal,Standard,https://lichess.org/Sw2wAME1
kxBvMh3l,2025.11.11,2025.11.11,14:30:05,AuraChessCNN,AuraChessTransformer,1586,1516,-1,+1,1/2-1/2,Draw,42,180+2,D15,Normal,Standard,https://lichess.org/kxBvMh3l
WAq7Ljjt,2025.11.11,2025.11.11,14:29:38,AuraChessTransformer,AuraChessCNN,1515,1587,+1,-1,1/2-1/2,Draw,36,180+2,E12,Normal,Standard,https://lichess.org/WAq7Ljjt
1pAktHqp,2025.11.11,2025.11.11,14:28:48,AuraChessTransformer,AuraChessCNN,1519,1582,-4,+5,0-1,AuraChessCNN,72,180+2,E04,Normal,Standard,https://lichess.org/1pAktHqp
Gbb6F1pN,2025.11.11,2025.11.11,14:28:09,AuraChessTransformer,AuraChessCNN,1524,1577,-5,+5,0-1,AuraChessCNN,59,180+2,A30,Normal,Standard,https://lichess.org/Gbb6F1pN
FrzK28Md,2025.11.11,2025.11.11,14:27:44,AuraChessTransformer,AuraChessCNN,1517,1584,+7,-7,1-0,AuraChessTransformer,33,180+2,B18,Normal,Standard,https://lichess.org/FrzK28Md
Qvh6mMKI,2025.11.11,2025.11.11,14:26:51,AuraChessCNN,AuraChessTransformer,1585,1516,-1,+1,1/2-1/2,Draw,79,180+2,D20,Normal,Standard,https://lichess.org/Qvh6mMKI
pihpMrq1,2025.11.11,2025.11.11,14:26:13,AuraChessTransformer,AuraChessCNN,1521,1580,-5,+5,0-1,AuraChessCNN,52,180+2,A15,Normal,Standard,https://lichess.org/pihpMrq1
W0VvjWGe,2025.11.11,2025.11.11,14:25:54,AuraChessTransformer,AuraChessCNN,1526,1575,-5,+5,0-1,AuraChessCNN,28,180+2,B06,Normal,Standard,https://lichess.org/W0VvjWGe
XIGBOXuZ,2025.11.11,2025.11.11,14:25:09,AuraChessCNN,AuraChessTransformer,1570,1531,+5,-5,1-0,AuraChessCNN,65,180+2,D18,Normal,Standard,https://lichess.org/XIGBOXuZ
GGdsPR3b,2025.11.11,2025.11.11,14:24:36,AuraChessCNN,AuraChessTransformer,1571,1530,-1,+1,1/2-1/2,Draw,45,180+2,E41,Normal,Standard,https://lichess.org/GGdsPR3b
UHsLIPOv,2025.11.11,2025.11.11,14:23:59,AuraChessTransformer,AuraChessCNN,1530,1572,+0,-1,1/2-1/2,Draw,54,180+2,E11,Normal,Standard,https://lichess.org/UHsLIPOv
0alhUdOG,2025.11.11,2025.11.11,14:23:15,AuraChessCNN,AuraChessTransformer,1572,1529,+0,+1,1/2-1/2,Draw,67,180+2,B30,Normal,Standard,https://lichess.org/0alhUdOG
HCzuLQKN,2025.11.06,2025.11.06,10:49:04,AuraChessCNN,AuraChessTransformer,1522,1590,+6,-7,1-0,AuraChessCNN,76,180+2,E18,Normal,Standard,https://lichess.org/HCzuLQKN
4bZi4Q96,2025.11.06,2025.11.06,10:48:37,AuraChessTransformer,AuraChessCNN,1585,1526,+5,-4,1-0,AuraChessTransformer,38,180+2,A46,Normal,Standard,https://lichess.org/4bZi4Q96
MokaGH14,2025.11.06,2025.11.06,10:47:59,AuraChessTransformer,AuraChessCNN,1586,1525,-1,+1,1/2-1/2,Draw,54,180+2,B92,Normal,Standard,https://lichess.org/MokaGH14
axJdzhDD,2025.11.06,2025.11.06,10:47:30,AuraChessCNN,AuraChessTransformer,1518,1593,+7,-7,1-0,AuraChessCNN,42,180+2,A70,Normal,Standard,https://lichess.org/axJdzhDD
bgMkujQ9,2025.11.06,2025.11.06,10:47:09,AuraChessTransformer,AuraChessCNN,1588,1523,+5,-5,1-0,AuraChessTransformer,29,180+2,C41,Normal,Standard,https://lichess.org/bgMkujQ9
l0PotMga,2025.11.06,2025.11.06,10:46:27,AuraChessTransformer,AuraChessCNN,1595,1516,-7,+7,0-1,AuraChessCNN,59,180+2,C54,Normal,Standard,https://lichess.org/l0PotMga
XCNnQPDh,2025.11.06,2025.11.06,10:45:57,AuraChessTransformer,AuraChessCNN,1596,1515,-1,+1,1/2-1/2,Draw,44,180+2,A30,Normal,Standard,https://lichess.org/XCNnQPDh
KdlFljyy,2025.11.06,2025.11.06,10:45:17,AuraChessCNN,AuraChessTransformer,1519,1592,-4,+4,0-1,AuraChessTransformer,56,180+2,E15,Normal,Standard,https://lichess.org/KdlFljyy
637vl6F3,2025.11.06,2025.11.06,10:44:24,AuraChessTransformer,AuraChessCNN,1593,1518,-1,+1,1/2-1/2,Draw,79,180+2,B14,Normal,Standard,https://lichess.org/637vl6F3
VgHzdxLn,2025.11.06,2025.11.06,10:43:44,AuraChessTransformer,AuraChessCNN,1594,1517,-1,+1,1/2-1/2,Draw,55,180+2,B08,Normal,Standard,https://lichess.org/VgHzdxLn
xL7hRTzG,2025.11.06,2025.11.06,10:43:05,AuraChessCNN,AuraChessTransformer,1510,1601,+7,-7,1-0,AuraChessCNN,56,180+2,E60,Normal,Standard,https://lichess.org/xL7hRTzG
jh3ptDPL,2025.11.06,2025.11.06,10:42:40,AuraChessCNN,AuraChessTransformer,1502,1609,+8,-8,1-0,AuraChessCNN,34,180+2,A48,Normal,Standard,https://lichess.org/jh3ptDPL
sGfO2dn1,2025.11.06,2025.11.06,10:42:01,AuraChessCNN,AuraChessTransformer,1506,1604,-4,+5,0-1,AuraChessTransformer,56,180+2,E15,Normal,Standard,https://lichess.org/sGfO2dn1
VxrXk1q1,2025.11.06,2025.11.06,10:41:19,AuraChessTransformer,AuraChessCNN,1612,1499,-8,+7,0-1,AuraChessCNN,59,180+2,A30,Normal,Standard,https://lichess.org/VxrXk1q1
GQTExMQV,2025.11.06,2025.11.06,10:40:48,AuraChessCNN,AuraChessTransformer,1503,1608,-4,+4,0-1,AuraChessTransformer,46,180+2,E94,Normal,Standard,https://lichess.org/GQTExMQV
msFLHwXB,2025.11.06,2025.11.06,10:40:06,AuraChessTransformer,AuraChessCNN,1604,1507,+4,-4,1-0,AuraChessTransformer,59,180+2,A54,Normal,Standard,https://lichess.org/msFLHwXB
rnAvcFLE,2025.11.06,2025.11.06,10:39:41,AuraChessCNN,AuraChessTransformer,1511,1599,-4,+5,0-1,AuraChessTransformer,35,180+2,D46,Normal,Standard,https://lichess.org/rnAvcFLE
KbJxThy9,2025.11.06,2025.11.06,10:38:58,AuraChessTransformer,AuraChessCNN,1595,1516,+4,-5,1-0,AuraChessTransformer,62,180+2,E15,Normal,Standard,https://lichess.org/KbJxThy9
5K1KGAB7,2025.11.06,2025.11.06,10:38:34,AuraChessCNN,AuraChessTransformer,1520,1590,-4,+5,0-1,AuraChessTransformer,33,180+2,B30,Normal,Standard,https://lichess.org/5K1KGAB7
8MpVWT3A,2025.11.06,2025.11.06,10:38:04,AuraChessCNN,AuraChessTransformer,1513,1597,+7,-7,1-0,AuraChessCNN,44,180+2,A05,Normal,Standard,https://lichess.org/8MpVWT3A
0fKMiup0,2025.11.06,2025.11.06,10:37:18,AuraChessCNN,AuraChessTransformer,1518,1593,-5,+4,0-1,AuraChessTransformer,66,180+2,E68,Normal,Standard,https://lichess.org/0fKMiup0
Uu7lTMz0,2025.11.06,2025.11.06,10:36:47,AuraChessTransformer,AuraChessCNN,1588,1522,+5,-4,1-0,AuraChessTransformer,44,180+2,C48,Normal,Standard,https://lichess.org/Uu7lTMz0
I9hgdxgM,2025.11.06,2025.11.06,10:36:13,AuraChessCNN,AuraChessTransformer,1527,1583,-5,+5,0-1,AuraChessTransformer,48,180+2,B13,Normal,Standard,https://lichess.org/I9hgdxgM
5JoJ90A5,2025.11.06,2025.11.06,10:35:28,AuraChessCNN,AuraChessTransformer,1520,1590,+7,-7,1-0,AuraChessCNN,66,180+2,A04,Normal,Standard,https://lichess.org/5JoJ90A5
E1KTbNMf,2025.11.06,2025.11.06,10:34:51,AuraChessTransformer,AuraChessCNN,1585,1525,+5,-5,1-0,AuraChessTransformer,53,180+2,E68,Normal,Standard,https://lichess.org/E1KTbNMf
u1mHtE7B,2025.11.06,2025.11.06,10:34:27,AuraChessCNN,AuraChessTransformer,1530,1581,-5,+4,0-1,AuraChessTransformer,32,180+2,D96,Normal,Standard,https://lichess.org/u1mHtE7B
LVWYoYkL,2025.11.06,2025.11.06,10:34:02,AuraChessTransformer,AuraChessCNN,1576,1535,+5,-5,1-0,AuraChessTransformer,35,180+2,C16,Normal,Standard,https://lichess.org/LVWYoYkL
qwIEVIYG,2025.11.06,2025.11.06,10:33:21,AuraChessCNN,AuraChessTransformer,1540,1570,-5,+6,0-1,AuraChessTransformer,59,180+2,B42,Normal,Standard,https://lichess.org/qwIEVIYG
NICdjXsy,2025.11.06,2025.11.06,10:32:41,AuraChessCNN,AuraChessTransformer,1534,1577,+6,-7,1-0,AuraChessCNN,56,180+2,D02,Normal,Standard,https://lichess.org/NICdjXsy
u2wAa5iG,2025.11.06,2025.11.06,10:32:16,AuraChessCNN,AuraChessTransformer,1534,1577,,,1-0,AuraChessCNN,36,180+2,C78,Normal,Standard,https://lichess.org/u2wAa5iG
Ihv05OTN,2025.11.06,2025.11.06,10:31:37,AuraChessTransformer,AuraChessCNN,1583,1527,-6,+7,0-1,AuraChessCNN,56,180+2,E41,Normal,Standard,https://lichess.org/Ihv05OTN
iYAF8gWT,2025.11.06,2025.11.06,10:30:57,AuraChessCNN,AuraChessTransformer,1532,1578,-5,+5,0-1,AuraChessTransformer,58,180+2,B23,Normal,Standard,https://lichess.org/iYAF8gWT
2trNXrmJ,2025.11.06,2025.11.06,10:30:23,AuraChessTransformer,AuraChessCNN,1579,1531,-1,+1,1/2-1/2,Draw,47,180+2,B10,Normal,Standard,https://lichess.org/2trNXrmJ
tsipbvvI,2025.11.06,2025.11.06,10:29:57,AuraChessCNN,AuraChessTransformer,1536,1574,-5,+5,0-1,AuraChessTransformer,35,180+2,D20,Normal,Standard,https://lichess.org/tsipbvvI
fQBJMx6a,2025.11.06,2025.11.06,10:29:21,AuraChessTransformer,AuraChessCNN,1575,1536,-1,+0,1/2-1/2,Draw,52,180+2,B74,Normal,Standard,https://lichess.org/fQBJMx6a
5p9tJsBH,2025.11.06,2025.11.06,10:28:52,AuraChessCNN,AuraChessTransformer,1535,1575,+1,+0,1/2-1/2,Draw,40,180+2,B16,Normal,Standard,https://lichess.org/5p9tJsBH
UMEv5RQb,2025.11.06,2025.11.06,10:28:26,AuraChessCNN,AuraChessTransformer,1534,1576,+1,-1,1/2-1/2,Draw,36,180+2,D27,Normal,Standard,https://lichess.org/UMEv5RQb
GwWwtW5F,2025.11.06,2025.11.06,10:27:50,AuraChessTransformer,AuraChessCNN,1577,1534,-1,+0,1/2-1/2,Draw,50,180+2,D78,Normal,Standard,https://lichess.org/GwWwtW5F
OFKDufUW,2025.11.06,2025.11.06,10:27:24,AuraChessTransformer,AuraChessCNN,1571,1539,+6,-5,1-0,AuraChessTransformer,37,180+2,D20,Normal,Standard,https://lichess.org/OFKDufUW
vG73fTN2,2025.11.06,2025.11.06,10:26:43,AuraChessCNN,AuraChessTransformer,1532,1578,+7,-7,1-0,AuraChessCNN,60,180+2,C10,Normal,Standard,https://lichess.org/vG73fTN2
uYHYDXSY,2025.11.06,2025.11.06,10:26:05,AuraChessTransformer,AuraChessCNN,1573,1538,+5,-6,1-0,AuraChessTransformer,55,180+2,E81,Normal,Standard,https://lichess.org/uYHYDXSY
t6KDxKBZ,2025.11.06,2025.11.06,10:25:45,AuraChessCNN,AuraChessTransformer,1531,1579,+7,-6,1-0,AuraChessCNN,27,180+2,B92,Normal,Standard,https://lichess.org/t6KDxKBZ
x6oCrOUi,2025.11.06,2025.11.06,10:25:21,AuraChessTransformer,AuraChessCNN,1574,1536,+5,-5,1-0,AuraChessTransformer,34,180+2,A47,Normal,Standard,https://lichess.org/x6oCrOUi
F9PJK03i,2025.11.06,2025.11.06,10:24:55,AuraChessCNN,AuraChessTransformer,1541,1569,-5,+5,0-1,AuraChessTransformer,35,180+2,D46,Normal,Standard,https://lichess.org/F9PJK03i
BQT0UkvT,2025.11.06,2025.11.06,10:24:36,AuraChessTransformer,AuraChessCNN,1569,1541,+0,+0,1/2-1/2,Draw,25,180+2,A33,Normal,Standard,https://lichess.org/BQT0UkvT
5Ue3R95Z,2025.11.06,2025.11.06,10:24:04,AuraChessTransformer,AuraChessCNN,1570,1540,-1,+1,1/2-1/2,Draw,43,180+2,A34,Normal,Standard,https://lichess.org/5Ue3R95Z
g1Ox74cr,2025.11.06,2025.11.06,10:23:39,AuraChessTransformer,AuraChessCNN,1576,1534,-6,+6,0-1,AuraChessCNN,34,180+2,B11,Normal,Standard,https://lichess.org/g1Ox74cr
zONO8noA,2025.11.06,2025.11.06,10:23:02,AuraChessCNN,AuraChessTransformer,1539,1571,-5,+5,0-1,AuraChessTransformer,55,180+2,E41,Normal,Standard,https://lichess.org/zONO8noA
e3zdOYmz,2025.11.06,2025.11.06,10:22:02,AuraChessTransformer,AuraChessCNN,1577,1533,-6,+6,0-1,AuraChessCNN,87,180+2,B44,Normal,Standard,https://lichess.org/e3zdOYmz
RevXvn0D,2025.11.06,2025.11.06,10:21:27,AuraChessCNN,AuraChessTransformer,1538,1572,-5,+5,0-1,AuraChessTransformer,49,180+2,A48,Normal,Standard,https://lichess.org/RevXvn0D
sTzqFcZS,2025.11.06,2025.11.06,10:20:52,AuraChessTransformer,AuraChessCNN,1567,1543,+5,-5,1-0,AuraChessTransformer,53,180+2,E68,Normal,Standard,https://lichess.org/sTzqFcZS
mlERPmdK,2025.11.06,2025.11.06,10:20:03,AuraChessCNN,AuraChessTransformer,1537,1573,+6,-6,1-0,AuraChessCNN,70,180+2,D82,Normal,Standard,https://lichess.org/mlERPmdK
oU0yTGv7,2025.11.06,2025.11.06,10:19:21,AuraChessTransformer,AuraChessCNN,1574,1536,-1,+1,1/2-1/2,Draw,61,180+2,D27,Normal,Standard,https://lichess.org/oU0yTGv7
RmR9GNwP,2025.11.06,2025.11.06,10:18:55,AuraChessTransformer,AuraChessCNN,1574,1536,+0,+0,1/2-1/2,Draw,36,180+2,E12,Normal,Standard,https://lichess.org/RmR9GNwP
FYZgc1ID,2025.11.06,2025.11.06,10:18:17,AuraChessCNN,AuraChessTransformer,1529,1581,+7,-7,1-0,AuraChessCNN,54,180+2,A42,Normal,Standard,https://lichess.org/FYZgc1ID
pqlXRSc0,2025.11.06,2025.11.06,10:17:29,AuraChessTransformer,AuraChessCNN,1576,1534,+5,-5,1-0,AuraChessTransformer,70,180+2,D97,Normal,Standard,https://lichess.org/pqlXRSc0
N4ahEzCp,2025.11.06,2025.11.06,10:16:51,AuraChessTransformer,AuraChessCNN,1582,1528,-6,+6,0-1,AuraChessCNN,54,180+2,C11,Normal,Standard,https://lichess.org/N4ahEzCp
K2ngD3ry,2025.11.06,2025.11.06,10:16:28,AuraChessTransformer,AuraChessCNN,1589,1521,-7,+7,0-1,AuraChessCNN,31,180+2,A29,Normal,Standard,https://lichess.org/K2ngD3ry
OJXh48d4,2025.11.06,2025.11.06,10:16:08,AuraChessCNN,AuraChessTransformer,1525,1584,-4,+5,0-1,AuraChessTransformer,26,180+2,E14,Normal,Standard,https://lichess.org/OJXh48d4
J438tViY,2025.11.06,2025.11.06,10:15:49,AuraChessTransformer,AuraChessCNN,1585,1524,-1,+1,1/2-1/2,Draw,25,180+2,A34,Normal,Standard,https://lichess.org/J438tViY
x5xzeNts,2025.11.06,2025.11.06,10:15:04,AuraChessTransformer,AuraChessCNN,1592,1518,-7,+6,0-1,AuraChessCNN,65,180+2,A07,Normal,Standard,https://lichess.org/x5xzeNts
Kc3yOo7h,2025.11.06,2025.11.06,10:14:41,AuraChessCNN,AuraChessTransformer,1510,1599,+8,-7,1-0,AuraChessCNN,31,180+2,A30,Normal,Standard,https://lichess.org/Kc3yOo7h
xh6NQOyq,2025.11.06,2025.11.06,10:14:11,AuraChessTransformer,AuraChessCNN,1601,1509,-2,+1,1/2-1/2,Draw,44,180+2,A28,Normal,Standard,https://lichess.org/xh6NQOyq
4nn5goZ1,2025.11.06,2025.11.06,10:13:31,AuraChessCNN,AuraChessTransformer,1513,1596,-4,+5,0-1,AuraChessTransformer,56,180+2,C84,Normal,Standard,https://lichess.org/4nn5goZ1
EhIn9ng0,2025.11.06,2025.11.06,10:12:49,AuraChessTransformer,AuraChessCNN,1604,1506,-8,+7,0-1,AuraChessCNN,61,180+2,A89,Normal,Standard,https://lichess.org/EhIn9ng0
ZC9l9vCA,2025.11.06,2025.11.06,10:12:13,AuraChessCNN,AuraChessTransformer,1499,1611,+7,-7,1-0,AuraChessCNN,54,180+2,E15,Normal,Standard,https://lichess.org/ZC9l9vCA
vW26KBRc,2025.11.06,2025.11.06,10:11:35,AuraChessTransformer,AuraChessCNN,1619,1491,-8,+8,0-1,AuraChessCNN,53,180+2,B17,Normal,Standard,https://lichess.org/vW26KBRc
BbdCT9ws,2025.11.06,2025.11.06,10:11:16,AuraChessTransformer,AuraChessCNN,1615,1495,+4,-4,1-0,AuraChessTransformer,26,180+2,A58,Normal,Standard,https://lichess.org/BbdCT9ws
FhJgsGCq,2025.11.06,2025.11.06,10:10:41,AuraChessTransformer,AuraChessCNN,1611,1499,+4,-4,1-0,AuraChessTransformer,51,180+2,E94,Normal,Standard,https://lichess.org/FhJgsGCq
CDY97g2B,2025.11.06,2025.11.06,10:10:12,AuraChessTransformer,AuraChessCNN,1607,1503,+4,-4,1-0,AuraChessTransformer,39,180+2,E15,Normal,Standard,https://lichess.org/CDY97g2B
39Us0pjG,2025.11.06,2025.11.06,10:09:44,AuraChessCNN,AuraChessTransformer,1507,1603,-4,+4,0-1,AuraChessTransformer,40,180+2,A15,Normal,Standard,https://lichess.org/39Us0pjG
us00UfqF,2025.11.06,2025.11.06,10:09:06,AuraChessTransformer,AuraChessCNN,1610,1499,-7,+8,0-1,AuraChessCNN,52,180+2,C10,Normal,Standard,https://lichess.org/us00UfqF
8mxEhNac,2025.11.06,2025.11.06,10:08:24,AuraChessCNN,AuraChessTransformer,1492,1618,+7,-8,1-0,AuraChessCNN,62,180+2,C48,Normal,Standard,https://lichess.org/8mxEhNac
LyCXO7L8,2025.11.06,2025.11.06,10:07:47,AuraChessCNN,AuraChessTransformer,1496,1614,-4,+4,0-1,AuraChessTransformer,53,180+2,A90,Normal,Standard,https://lichess.org/LyCXO7L8
9xlZHoaq,2025.11.06,2025.11.06,10:07:14,AuraChessTransformer,AuraChessCNN,1622,1488,-8,+8,0-1,AuraChessCNN,47,180+2,E46,Normal,Standard,https://lichess.org/9xlZHoaq
aoGh2fYD,2025.11.06,2025.11.06,10:06:54,AuraChessTransformer,AuraChessCNN,1630,1480,-8,+8,0-1,AuraChessCNN,26,180+2,D35,Normal,Standard,https://lichess.org/aoGh2fYD
O9zn1lOz,2025.11.06,2025.11.06,10:06:13,AuraChessCNN,AuraChessTransformer,1483,1626,-3,+4,0-1,AuraChessTransformer,62,180+2,C65,Normal,Standard,https://lichess.org/O9zn1lOz
F8p8ykv6,2025.11.06,2025.11.06,09:52:17,AuraChessCNN,AuraChessTransformer,1475,1634,+8,-8,1-0,AuraChessCNN,43,180+2,D18,Time forfeit,Standard,https://lichess.org/F8p8ykv6
owtoJj4f,2025.11.06,2025.11.06,09:51:41,AuraChessTransformer,AuraChessCNN,1631,1478,+3,-3,1-0,AuraChessTransformer,53,180+2,D75,Normal,Standard,https://lichess.org/owtoJj4f
A0TBXxVt,2025.11.06,2025.11.06,09:51:15,AuraChessCNN,AuraChessTransformer,1482,1627,-4,+4,0-1,AuraChessTransformer,32,180+2,D96,Normal,Standard,https://lichess.org/A0TBXxVt
CcEXitiE,2025.11.06,2025.11.06,09:50:40,AuraChessTransformer,AuraChessCNN,1624,1485,+3,-3,1-0,AuraChessTransformer,37,180+2,D58,Normal,Standard,https://lichess.org/CcEXitiE
QnSlcGeG,2025.11.06,2025.11.06,09:50:10,AuraChessTransformer,AuraChessCNN,1620,1489,+4,-4,1-0,AuraChessTransformer,42,180+2,B17,Normal,Standard,https://lichess.org/QnSlcGeG
XdKi9oD2,2025.11.06,2025.11.06,09:49:30,AuraChessCNN,AuraChessTransformer,1493,1616,-4,+4,0-1,AuraChessTransformer,57,180+2,D35,Normal,Standard,https://lichess.org/XdKi9oD2
ug3RPMpI,2025.11.06,2025.11.06,09:48:52,AuraChessTransformer,AuraChessCNN,1612,1497,+4,-4,1-0,AuraChessTransformer,53,180+2,C64,Normal,Standard,https://lichess.org/ug3RPMpI
bdhTVvR5,2025.11.06,2025.11.06,09:48:26,AuraChessTransformer,AuraChessCNN,1608,1501,+4,-4,1-0,AuraChessTransformer,38,180+2,D55,Normal,Standard,https://lichess.org/bdhTVvR5
wrJDrx5t,2025.11.06,2025.11.06,09:47:59,AuraChessTransformer,AuraChessCNN,1610,1499,-2,+2,1/2-1/2,Draw,37,180+2,D10,Normal,Standard,https://lichess.org/wrJDrx5t
ZntLrOLi,2025.11.06,2025.11.06,09:47:09,AuraChessCNN,AuraChessTransformer,1497,1612,+2,-2,1/2-1/2,Draw,73,180+2,A25,Normal,Standard,https://lichess.org/ZntLrOLi
Lcb3aUHv,2025.11.06,2025.11.06,09:46:22,AuraChessTransformer,AuraChessCNN,1608,1501,+4,-4,1-0,AuraChessTransformer,70,180+2,D46,Normal,Standard,https://lichess.org/Lcb3aUHv
lIJ65X8I,2025.11.06,2025.11.06,09:45:59,AuraChessTransformer,AuraChessCNN,1604,1505,+4,-4,1-0,AuraChessTransformer,33,180+2,B10,Normal,Standard,https://lichess.org/lIJ65X8I
e4tWMMXt,2025.11.05,2025.11.05,08:06:23,AuraChessCNN,AuraChessTransformer,1510,1597,-5,+4,0-1,AuraChessTransformer,57,180+2,D35,Normal,Standard,https://lichess.org/e4tWMMXt
rt8L2cQ2,2025.11.05,2025.11.05,08:06:02,AuraChessTransformer,AuraChessCNN,1604,1502,-7,+8,0-1,AuraChessCNN,29,180+2,D38,Normal,Standard,https://lichess.org/rt8L2cQ2
h65pkqmc,2025.11.05,2025.11.05,08:05:45,AuraChessTransformer,AuraChessCNN,1600,1507,+4,-5,1-0,AuraChessTransformer,22,180+2,D41,Normal,Standard,https://lichess.org/h65pkqmc
yEJPTxnU,2025.11.05,2025.11.05,08:05:09,AuraChessTransformer,AuraChessCNN,1595,1511,+5,-4,1-0,AuraChessTransformer,51,180+2,E94,Normal,Standard,https://lichess.org/yEJPTxnU
lP4b4QuE,2025.11.05,2025.11.05,08:04:43,AuraChessCNN,AuraChessTransformer,1515,1591,-4,+4,0-1,AuraChessTransformer,36,180+2,A89,Normal,Standard,https://lichess.org/lP4b4QuE
kK0WvqHk,2025.11.05,2025.11.05,08:04:00,AuraChessTransformer,AuraChessCNN,1586,1520,+5,-5,1-0,AuraChessTransformer,60,180+2,C33,Normal,Standard,https://lichess.org/kK0WvqHk
QKjHRhPT,2025.11.05,2025.11.05,08:03:27,AuraChessCNN,AuraChessTransformer,1525,1582,-5,+4,0-1,AuraChessTransformer,46,180+2,E94,Normal,Standard,https://lichess.org/QKjHRhPT
1Oc4w0Ln,2025.11.05,2025.11.05,08:02:45,AuraChessCNN,AuraChessTransformer,1518,1588,+7,-6,1-0,AuraChessCNN,50,180+2,A08,Normal,Standard,https://lichess.org/1Oc4w0Ln
hKE03ZYT,2025.11.05,2025.11.05,08:02:28,AuraChessCNN,AuraChessTransformer,1523,1584,-5,+4,0-1,AuraChessTransformer,21,180+2,D78,Normal,Standard,https://lichess.org/hKE03ZYT
C0tPszTn,2025.11.05,2025.11.05,08:01:54,AuraChessCNN,AuraChessTransformer,1522,1585,+1,-1,1/2-1/2,Draw,49,180+2,B06,Normal,Standard,https://lichess.org/C0tPszTn
XCHDSEns,2025.11.05,2025.11.05,08:01:35,AuraChessTransformer,AuraChessCNN,1580,1527,+5,-5,1-0,AuraChessTransformer,26,180+2,B06,Normal,Standard,https://lichess.org/XCHDSEns
htVNMFfZ,2025.11.05,2025.11.05,08:01:06,AuraChessCNN,AuraChessTransformer,1526,1581,+1,-1,1/2-1/2,Draw,37,180+2,A54,Normal,Standard,https://lichess.org/htVNMFfZ
tr67fVGD,2025.11.05,2025.11.05,08:00:46,AuraChessCNN,AuraChessTransformer,1525,1582,+1,-1,1/2-1/2,Draw,29,180+2,B52,Normal,Standard,https://lichess.org/tr67fVGD
NxEq6tSa,2025.11.05,2025.11.05,08:00:14,AuraChessTransformer,AuraChessCNN,1577,1530,+5,-5,1-0,AuraChessTransformer,43,180+2,B22,Normal,Standard,https://lichess.org/NxEq6tSa
mThNcFcz,2025.11.05,2025.11.05,07:59:50,AuraChessCNN,AuraChessTransformer,1523,1583,+7,-6,1-0,AuraChessCNN,33,180+2,D55,Normal,Standard,https://lichess.org/mThNcFcz
tdrhojfg,2025.11.05,2025.11.05,07:59:18,AuraChessTransformer,AuraChessCNN,1590,1516,-7,+7,0-1,AuraChessCNN,47,180+2,B70,Normal,Standard,https://lichess.org/tdrhojfg
wJhS4FhM,2025.11.05,2025.11.05,07:58:39,AuraChessCNN,AuraChessTransformer,1521,1585,-5,+5,0-1,AuraChessTransformer,56,180+2,C84,Normal,Standard,https://lichess.org/wJhS4FhM
b3WN2eE9,2025.11.05,2025.11.05,07:58:12,AuraChessTransformer,AuraChessCNN,1592,1514,-7,+7,0-1,AuraChessCNN,38,180+2,A58,Normal,Standard,https://lichess.org/b3WN2eE9
C7p6tw35,2025.11.05,2025.11.05,07:57:47,AuraChessCNN,AuraChessTransformer,1512,1594,+2,-2,1/2-1/2,Draw,34,180+2,C06,Normal,Standard,https://lichess.org/C7p6tw35
gimoR9jH,2025.11.05,2025.11.05,07:57:31,AuraChessTransformer,AuraChessCNN,1589,1517,+5,-5,1-0,AuraChessTransformer,20,180+2,A17,Normal,Standard,https://lichess.org/gimoR9jH
S08CeD6L,2025.11.05,2025.11.05,07:56:52,AuraChessCNN,AuraChessTransformer,1522,1584,-5,+5,0-1,AuraChessTransformer,56,180+2,C84,Normal,Standard,https://lichess.org/S08CeD6L
WFF33WXC,2025.11.05,2025.11.05,07:56:32,AuraChessTransformer,AuraChessCNN,1585,1521,-1,+1,1/2-1/2,Draw,25,180+2,A33,Normal,Standard,https://lichess.org/WFF33WXC
j66CL4YY,2025.11.05,2025.11.05,07:56:16,AuraChessCNN,AuraChessTransformer,1514,1592,+7,-7,1-0,AuraChessCNN,22,180+2,B37,Normal,Standard,https://lichess.org/j66CL4YY
4qVATmOK,2025.11.05,2025.11.05,07:56:00,AuraChessTransformer,AuraChessCNN,1600,1506,-8,+8,0-1,AuraChessCNN,20,180+2,A48,Normal,Standard,https://lichess.org/4qVATmOK
ZbmZoVGv,2025.11.05,2025.11.05,07:55:18,AuraChessTransformer,AuraChessCNN,1595,1511,+5,-5,1-0,AuraChessTransformer,60,180+2,C33,Normal,Standard,https://lichess.org/ZbmZoVGv
ywgGs9Bl,2025.11.05,2025.11.05,07:54:54,AuraChessTransformer,AuraChessCNN,1602,1504,-7,+7,0-1,AuraChessCNN,33,180+2,C88,Normal,Standard,https://lichess.org/ywgGs9Bl
f4Y8BpOB,2025.11.05,2025.11.05,07:54:17,AuraChessTransformer,AuraChessCNN,1598,1508,+4,-4,1-0,AuraChessTransformer,53,180+2,D75,Normal,Standard,https://lichess.org/f4Y8BpOB
gQgjyA6f,2025.11.05,2025.11.05,07:53:42,AuraChessTransformer,AuraChessCNN,1594,1512,+4,-4,1-0,AuraChessTransformer,52,180+2,B52,Normal,Standard,https://lichess.org/gQgjyA6f
npwuh4vL,2025.11.05,2025.11.05,07:53:22,AuraChessCNN,AuraChessTransformer,1505,1601,+7,-7,1-0,AuraChessCNN,27,180+2,B92,Normal,Standard,https://lichess.org/npwuh4vL
mrCX0KA5,2025.11.05,2025.11.05,07:52:42,AuraChessCNN,AuraChessTransformer,1503,1602,+2,-1,1/2-1/2,Draw,57,180+2,E15,Normal,Standard,https://lichess.org/mrCX0KA5
pIHfTDjj,2025.11.05,2025.11.05,07:52:06,AuraChessTransformer,AuraChessCNN,1598,1508,+4,-5,1-0,AuraChessTransformer,51,180+2,E94,Normal,Standard,https://lichess.org/pIHfTDjj
PQgeCPjZ,2025.11.05,2025.11.05,07:51:43,AuraChessCNN,AuraChessTransformer,1500,1606,+8,-8,1-0,AuraChessCNN,31,180+2,D24,Normal,Standard,https://lichess.org/PQgeCPjZ
wfkq8vgz,2025.11.05,2025.11.05,07:51:19,AuraChessTransformer,AuraChessCNN,1613,1493,-7,+7,0-1,AuraChessCNN,33,180+2,C88,Normal,Standard,https://lichess.org/wfkq8vgz
lT3nQ4fs,2025.11.05,2025.11.05,07:50:35,AuraChessCNN,AuraChessTransformer,1497,1609,-4,+4,0-1,AuraChessTransformer,63,180+2,A29,Normal,Standard,https://lichess.org/lT3nQ4fs
qh6K5tLv,2025.11.05,2025.11.05,07:50:09,AuraChessTransformer,AuraChessCNN,1605,1501,+4,-4,1-0,AuraChessTransformer,38,180+2,D55,Normal,Standard,https://lichess.org/qh6K5tLv
Xanb04NM,2025.11.05,2025.11.05,07:49:49,AuraChessCNN,AuraChessTransformer,1505,1601,-4,+4,0-1,AuraChessTransformer,25,180+2,A31,Normal,Standard,https://lichess.org/Xanb04NM
tKYYZgrs,2025.11.05,2025.11.05,07:49:18,AuraChessCNN,AuraChessTransformer,1509,1597,-4,+4,0-1,AuraChessTransformer,45,180+2,D20,Normal,Standard,https://lichess.org/tKYYZgrs
6DT1dWGy,2025.11.05,2025.11.05,07:48:30,AuraChessCNN,AuraChessTransformer,1502,1604,+7,-7,1-0,AuraChessCNN,70,180+2,D82,Normal,Standard,https://lichess.org/6DT1dWGy
nxc6YjXa,2025.11.05,2025.11.05,07:47:58,AuraChessCNN,AuraChessTransformer,1506,1600,-4,+4,0-1,AuraChessTransformer,43,180+2,D10,Normal,Standard,https://lichess.org/nxc6YjXa
LJzNvnIh,2025.11.05,2025.11.05,07:47:10,AuraChessTransformer,AuraChessCNN,1595,1510,+5,-4,1-0,AuraChessTransformer,70,180+2,A39,Normal,Standard,https://lichess.org/LJzNvnIh
32cTG54k,2025.11.05,2025.11.05,07:46:34,AuraChessTransformer,AuraChessCNN,1597,1509,-2,+1,1/2-1/2,Draw,54,180+2,E11,Normal,Standard,https://lichess.org/32cTG54k
DUAuG3ZA,2025.11.05,2025.11.05,07:46:17,AuraChessCNN,AuraChessTransformer,1513,1592,-4,+5,0-1,AuraChessTransformer,21,180+2,D78,Normal,Standard,https://lichess.org/DUAuG3ZA
2GL29ao3,2025.11.05,2025.11.05,07:45:45,AuraChessTransformer,AuraChessCNN,1599,1506,-7,+7,0-1,AuraChessCNN,43,180+2,D43,Normal,Standard,https://lichess.org/2GL29ao3
IxZ5sLKF,2025.11.05,2025.11.05,07:45:01,AuraChessCNN,AuraChessTransformer,1510,1595,-4,+4,0-1,AuraChessTransformer,63,180+2,A29,Normal,Standard,https://lichess.org/IxZ5sLKF
2ESWROCu,2025.11.05,2025.11.05,07:44:23,AuraChessCNN,AuraChessTransformer,1515,1591,-5,+4,0-1,AuraChessTransformer,56,180+2,E15,Normal,Standard,https://lichess.org/2ESWROCu
LuwS2Qhr,2025.11.05,2025.11.05,07:43:47,AuraChessTransformer,AuraChessCNN,1592,1514,-1,+1,1/2-1/2,Draw,51,180+2,A25,Normal,Standard,https://lichess.org/LuwS2Qhr
WfXJMwFK,2025.11.05,2025.11.05,07:43:18,AuraChessCNN,AuraChessTransformer,1518,1587,-4,+5,0-1,AuraChessTransformer,41,180+2,D85,Normal,Standard,https://lichess.org/WfXJMwFK
nuv3oXGX,2025.11.05,2025.11.05,07:42:47,AuraChessCNN,AuraChessTransformer,1523,1582,-5,+5,0-1,AuraChessTransformer,43,180+2,E12,Normal,Standard,https://lichess.org/nuv3oXGX
M3qKyk6R,2025.11.05,2025.11.05,07:42:23,AuraChessTransformer,AuraChessCNN,1589,1516,-7,+7,0-1,AuraChessCNN,32,180+2,E12,Normal,Standard,https://lichess.org/M3qKyk6R
DVSe8XhL,2025.11.05,2025.11.05,07:42:03,AuraChessCNN,AuraChessTransformer,1509,1596,+7,-7,1-0,AuraChessCNN,27,180+2,B92,Normal,Standard,https://lichess.org/DVSe8XhL
4UaLyUdj,2025.11.05,2025.11.05,07:41:34,AuraChessCNN,AuraChessTransformer,1513,1592,-4,+4,0-1,AuraChessTransformer,41,180+2,D86,Normal,Standard,https://lichess.org/4UaLyUdj
EodeHQlj,2025.11.05,2025.11.05,07:41:08,AuraChessTransformer,AuraChessCNN,1587,1518,+5,-5,1-0,AuraChessTransformer,37,180+2,E12,Normal,Standard,https://lichess.org/EodeHQlj
HzgmPwSA,2025.11.05,2025.11.05,07:40:40,AuraChessTransformer,AuraChessCNN,1583,1523,+4,-5,1-0,AuraChessTransformer,40,180+2,A28,Normal,Standard,https://lichess.org/HzgmPwSA
T1BDzQuo,2025.11.05,2025.11.05,07:40:07,AuraChessCNN,AuraChessTransformer,1528,1578,-5,+5,0-1,AuraChessTransformer,46,180+2,E94,Normal,Standard,https://lichess.org/T1BDzQuo
DZLIFfiD,2025.11.05,2025.11.05,07:39:31,AuraChessCNN,AuraChessTransformer,1527,1579,+1,-1,1/2-1/2,Draw,53,180+2,B12,Normal,Standard,https://lichess.org/DZLIFfiD
aKB1i84b,2025.11.05,2025.11.05,07:39:05,AuraChessTransformer,AuraChessCNN,1574,1532,+5,-5,1-0,AuraChessTransformer,35,180+2,E10,Normal,Standard,https://lichess.org/aKB1i84b
Cx4b6mYL,2025.11.05,2025.11.05,07:38:45,AuraChessTransformer,AuraChessCNN,1580,1525,-6,+7,0-1,AuraChessCNN,27,180+2,E34,Normal,Standard,https://lichess.org/Cx4b6mYL
M6Jc5TYZ,2025.11.05,2025.11.05,07:38:21,AuraChessTransformer,AuraChessCNN,1587,1518,-7,+7,0-1,AuraChessCNN,32,180+2,C18,Normal,Standard,https://lichess.org/M6Jc5TYZ
iADf9sFM,2025.11.05,2025.11.05,07:37:44,AuraChessTransformer,AuraChessCNN,1582,1523,+5,-5,1-0,AuraChessTransformer,54,180+2,A04,Normal,Standard,https://lichess.org/iADf9sFM
lRQjTViz,2025.11.05,2025.11.05,07:37:24,AuraChessTransformer,AuraChessCNN,1577,1528,+5,-5,1-0,AuraChessTransformer,28,180+2,E18,Normal,Standard,https://lichess.org/lRQjTViz
blmYcO2l,2025.11.05,2025.11.05,07:36:50,AuraChessCNN,AuraChessTransformer,1533,1572,-5,+5,0-1,AuraChessTransformer,46,180+2,E94,Normal,Standard,https://lichess.org/blmYcO2l
5yOD9ttZ,2025.11.05,2025.11.05,07:36:36,AuraChessTransformer,AuraChessCNN,1567,1538,+5,-5,1-0,AuraChessTransformer,20,180+2,A13,Normal,Standard,https://lichess.org/5yOD9ttZ
ORCSuLEs,2025.11.05,2025.11.05,07:36:15,AuraChessTransformer,AuraChessCNN,1561,1544,+6,-6,1-0,AuraChessTransformer,28,180+2,E18,Normal,Standard,https://lichess.org/ORCSuLEs
3bbxtjD0,2025.11.05,2025.11.05,07:35:52,AuraChessTransformer,AuraChessCNN,1568,1537,-7,+7,0-1,AuraChessCNN,32,180+2,E12,Normal,Standard,https://lichess.org/3bbxtjD0
6kQY5vur,2025.11.05,2025.11.05,07:35:26,AuraChessCNN,AuraChessTransformer,1543,1562,-6,+6,0-1,AuraChessTransformer,36,180+2,D33,Normal,Standard,https://lichess.org/6kQY5vur
NwUMd7lh,2025.11.05,2025.11.05,07:35:01,AuraChessTransformer,AuraChessCNN,1568,1537,-6,+6,0-1,AuraChessCNN,33,180+2,C88,Normal,Standard,https://lichess.org/NwUMd7lh
bpCQVvi9,2025.11.05,2025.11.05,07:34:33,AuraChessTransformer,AuraChessCNN,1563,1542,+5,-5,1-0,AuraChessTransformer,39,180+2,A34,Normal,Standard,https://lichess.org/bpCQVvi9
JoLt5aMr,2025.11.05,2025.11.05,07:34:21,AuraChessCNN,AuraChessTransformer,1536,1569,+6,-6,1-0,AuraChessCNN,16,180+2,E45,Normal,Standard,https://lichess.org/JoLt5aMr
FX9jQXHa,2025.11.05,2025.11.05,07:34:05,AuraChessTransformer,AuraChessCNN,1570,1535,-1,+1,1/2-1/2,Draw,19,180+2,E33,Normal,Standard,https://lichess.org/FX9jQXHa
cTuTsI2z,2025.11.05,2025.11.05,07:33:27,AuraChessTransformer,AuraChessCNN,1570,1534,+0,+1,1/2-1/2,Draw,54,180+2,B92,Normal,Standard,https://lichess.org/cTuTsI2z
IyhhsKZv,2025.11.05,2025.11.05,07:33:06,AuraChessCNN,AuraChessTransformer,1540,1565,-6,+5,0-1,AuraChessTransformer,28,180+2,E48,Normal,Standard,https://lichess.org/IyhhsKZv
rtEmXgV9,2025.11.05,2025.11.05,07:32:46,AuraChessCNN,AuraChessTransformer,1533,1571,+7,-6,1-0,AuraChessCNN,27,180+2,B92,Normal,Standard,https://lichess.org/rtEmXgV9
l3wWNV2p,2025.11.05,2025.11.05,07:32:19,AuraChessTransformer,AuraChessCNN,1578,1527,-7,+6,0-1,AuraChessCNN,37,180+2,C77,Normal,Standard,https://lichess.org/l3wWNV2p
HxQ0eXxm,2025.11.05,2025.11.05,07:31:38,AuraChessTransformer,AuraChessCNN,1579,1526,-1,+1,1/2-1/2,Draw,58,180+2,B11,Normal,Standard,https://lichess.org/HxQ0eXxm
sDTiH9jT,2025.11.05,2025.11.05,07:31:20,AuraChessTransformer,AuraChessCNN,1574,1531,+5,-5,1-0,AuraChessTransformer,27,180+2,D31,Normal,Standard,https://lichess.org/sDTiH9jT
Jge38go1,2025.11.05,2025.11.05,07:30:59,AuraChessTransformer,AuraChessCNN,1574,1530,+0,+1,1/2-1/2,Draw,27,180+2,C45,Normal,Standard,https://lichess.org/Jge38go1
9GUM9TAu,2025.11.05,2025.11.05,07:30:23,AuraChessCNN,AuraChessTransformer,1530,1575,+0,-1,1/2-1/2,Draw,51,180+2,B42,Normal,Standard,https://lichess.org/9GUM9TAu
xUuJQfKi,2025.11.05,2025.11.05,07:29:37,AuraChessCNN,AuraChessTransformer,1535,1570,-5,+5,0-1,AuraChessTransformer,67,180+2,D20,Normal,Standard,https://lichess.org/xUuJQfKi
WYAPzET8,2025.11.05,2025.11.05,07:29:15,AuraChessTransformer,AuraChessCNN,1565,1540,+5,-5,1-0,AuraChessTransformer,29,180+2,E12,Normal,Standard,https://lichess.org/WYAPzET8
JV3xGcrQ,2025.11.05,2025.11.05,07:28:49,AuraChessTransformer,AuraChessCNN,1559,1545,+6,-5,1-0,AuraChessTransformer,38,180+2,D55,Normal,Standard,https://lichess.org/JV3xGcrQ
MnCFszkC,2025.11.05,2025.11.05,07:28:27,AuraChessCNN,AuraChessTransformer,1551,1554,-6,+5,0-1,AuraChessTransformer,29,180+2,B00,Normal,Standard,https://lichess.org/MnCFszkC
d3SISCby,2025.11.05,2025.11.05,07:28:01,AuraChessTransformer,AuraChessCNN,1554,1551,+0,+0,1/2-1/2,Draw,36,180+2,E12,Normal,Standard,https://lichess.org/d3SISCby
syXcGRYu,2025.11.05,2025.11.05,07:27:41,AuraChessTransformer,AuraChessCNN,1548,1557,+6,-6,1-0,AuraChessTransformer,27,180+2,E11,Normal,Standard,https://lichess.org/syXcGRYu
2kazA3nT,2025.11.05,2025.11.05,07:27:03,AuraChessCNN,AuraChessTransformer,1551,1554,+6,-6,1-0,AuraChessCNN,53,180+2,B09,Normal,Standard,https://lichess.org/2kazA3nT
gcx4O2zs,2025.11.05,2025.11.05,07:26:40,AuraChessCNN,AuraChessTransformer,1557,1548,-6,+6,0-1,AuraChessTransformer,32,180+2,D96,Normal,Standard,https://lichess.org/gcx4O2zs
dtoFZpE6,2025.11.05,2025.11.05,07:26:10,AuraChessCNN,AuraChessTransformer,1551,1553,+6,-5,1-0,AuraChessCNN,43,180+2,A48,Normal,Standard,https://lichess.org/dtoFZpE6
vygO124Q,2025.11.05,2025.11.05,07:25:44,AuraChessTransformer,AuraChessCNN,1559,1545,-6,+6,0-1,AuraChessCNN,37,180+2,C43,Normal,Standard,https://lichess.org/vygO124Q
Ttm6wAGD,2025.11.05,2025.11.05,07:25:21,AuraChessTransformer,AuraChessCNN,1565,1539,-6,+6,0-1,AuraChessCNN,31,180+2,D85,Normal,Standard,https://lichess.org/Ttm6wAGD
zXyZeezm,2025.11.05,2025.11.05,07:24:40,AuraChessCNN,AuraChessTransformer,1533,1572,+6,-7,1-0,AuraChessCNN,58,180+2,A34,Normal,Standard,https://lichess.org/zXyZeezm
l4vXycqv,2025.11.05,2025.11.05,07:24:07,AuraChessCNN,AuraChessTransformer,1538,1567,-5,+5,0-1,AuraChessTransformer,46,180+2,E94,Normal,Standard,https://lichess.org/l4vXycqv
e5lWrhuo,2025.11.05,2025.11.05,07:23:47,AuraChessCNN,AuraChessTransformer,1532,1573,+6,-6,1-0,AuraChessCNN,27,180+2,B92,Normal,Standard,https://lichess.org/e5lWrhuo
kxGHbt88,2025.11.05,2025.11.05,07:23:24,AuraChessCNN,AuraChessTransformer,1537,1568,-5,+5,0-1,AuraChessTransformer,31,180+2,C11,Normal,Standard,https://lichess.org/kxGHbt88
HxWLrZ3W,2025.11.05,2025.11.05,07:22:43,AuraChessTransformer,AuraChessCNN,1574,1530,-6,+7,0-1,AuraChessCNN,62,180+2,B08,Normal,Standard,https://lichess.org/HxWLrZ3W
OlBwSj46,2025.11.05,2025.11.05,07:22:00,AuraChessTransformer,AuraChessCNN,1569,1535,+5,-5,1-0,AuraChessTransformer,62,180+2,B23,Normal,Standard,https://lichess.org/OlBwSj46
al5ORKVu,2025.11.05,2025.11.05,07:21:17,AuraChessTransformer,AuraChessCNN,1575,1529,-6,+6,0-1,AuraChessCNN,62,180+2,B08,Normal,Standard,https://lichess.org/al5ORKVu
MHQ4EQWJ,2025.11.05,2025.11.05,07:20:31,AuraChessTransformer,AuraChessCNN,1570,1534,+5,-5,1-0,AuraChessTransformer,67,180+2,D13,Normal,Standard,https://lichess.org/MHQ4EQWJ
josegKpb,2025.11.05,2025.11.05,07:20:12,AuraChessCNN,AuraChessTransformer,1528,1577,+6,-7,1-0,AuraChessCNN,25,180+2,B47,Normal,Standard,https://lichess.org/josegKpb
BftA8Bln,2025.11.05,2025.11.05,07:19:34,AuraChessTransformer,AuraChessCNN,1577,1527,+0,+1,1/2-1/2,Draw,54,180+2,B92,Normal,Standard,https://lichess.org/BftA8Bln
horGZODC,2025.11.05,2025.11.05,07:19:01,AuraChessTransformer,AuraChessCNN,1572,1532,+5,-5,1-0,AuraChessTransformer,46,180+2,C42,Normal,Standard,https://lichess.org/horGZODC
kbdBdOZe,2025.11.05,2025.11.05,07:18:33,AuraChessTransformer,AuraChessCNN,1573,1531,-1,+1,1/2-1/2,Draw,27,180+2,C45,Normal,Standard,https://lichess.org/kbdBdOZe
gxrBsBCA,2025.11.04,2025.11.04,19:36:59,AuraChessCNN,AuraChessTransformer,1536,1568,-5,+5,0-1,AuraChessTransformer,48,180+2,B88,Normal,Standard,https://lichess.org/gxrBsBCA
VI5goGPT,2025.11.04,2025.11.04,19:36:31,AuraChessCNN,AuraChessTransformer,1536,1568,+0,+0,1/2-1/2,Draw,38,180+2,C75,Normal,Standard,https://lichess.org/VI5goGPT
O3k6k3nz,2025.11.04,2025.11.04,19:36:15,AuraChessTransformer,AuraChessCNN,1569,1535,-1,+1,1/2-1/2,Draw,20,180+2,D20,Normal,Standard,https://lichess.org/O3k6k3nz
YzH5eQbw,2025.11.04,2025.11.04,19:35:44,AuraChessCNN,AuraChessTransformer,1529,1575,+6,-6,1-0,AuraChessCNN,44,180+2,A29,Normal,Standard,https://lichess.org/YzH5eQbw
oIGws6vR,2025.11.04,2025.11.04,19:35:05,AuraChessTransformer,AuraChessCNN,1575,1529,,,1-0,AuraChessTransformer,57,180+2,E14,Normal,Standard,https://lichess.org/oIGws6vR
tpAtxMTh,2025.11.04,2025.11.04,19:34:32,AuraChessCNN,AuraChessTransformer,1522,1582,+7,-7,1-0,AuraChessCNN,45,180+2,A08,Normal,Standard,https://lichess.org/tpAtxMTh
0orCYxAM,2025.11.04,2025.11.04,19:34:03,AuraChessCNN,AuraChessTransformer,1521,1583,+1,-1,1/2-1/2,Draw,41,180+2,D80,Normal,Standard,https://lichess.org/0orCYxAM
HBhgoNMO,2025.11.04,2025.11.04,19:33:22,AuraChessTransformer,AuraChessCNN,1590,1514,-7,+7,0-1,AuraChessCNN,59,180+2,A30,Normal,Standard,https://lichess.org/HBhgoNMO
i5DCDho2,2025.11.04,2025.11.04,19:32:58,AuraChessTransformer,AuraChessCNN,1597,1507,-7,+7,0-1,AuraChessCNN,33,180+2,C88,Normal,Standard,https://lichess.org/i5DCDho2
b2KEvCl9,2025.11.04,2025.11.04,19:32:34,AuraChessTransformer,AuraChessCNN,1604,1500,-7,+7,0-1,AuraChessCNN,32,180+2,E12,Normal,Standard,https://lichess.org/b2KEvCl9
4ttdzTfX,2025.11.04,2025.11.04,19:31:49,AuraChessTransformer,AuraChessCNN,1612,1492,-8,+8,0-1,AuraChessCNN,66,180+2,B80,Normal,Standard,https://lichess.org/4ttdzTfX
qfMGWl29,2025.11.04,2025.11.04,19:31:23,AuraChessTransformer,AuraChessCNN,1608,1496,+4,-4,1-0,AuraChessTransformer,37,180+2,E12,Normal,Standard,https://lichess.org/qfMGWl29
oD0tFkfn,2025.11.04,2025.11.04,19:30:56,AuraChessTransformer,AuraChessCNN,1604,1500,+4,-4,1-0,AuraChessTransformer,38,180+2,B10,Normal,Standard,https://lichess.org/oD0tFkfn
PRMFfa5L,2025.11.04,2025.11.04,19:30:22,AuraChessCNN,AuraChessTransformer,1504,1600,-4,+4,0-1,AuraChessTransformer,47,180+2,D58,Normal,Standard,https://lichess.org/PRMFfa5L
G33gGWhE,2025.11.04,2025.11.04,19:29:50,AuraChessCNN,AuraChessTransformer,1508,1595,-4,+5,0-1,AuraChessTransformer,46,180+2,E94,Normal,Standard,https://lichess.org/G33gGWhE
rKyCvemF,2025.11.04,2025.11.04,19:29:21,AuraChessCNN,AuraChessTransformer,1513,1591,-5,+4,0-1,AuraChessTransformer,38,180+2,B50,Normal,Standard,https://lichess.org/rKyCvemF
0LroePXs,2025.11.04,2025.11.04,19:28:51,AuraChessTransformer,AuraChessCNN,1598,1506,-7,+7,0-1,AuraChessCNN,43,180+2,D43,Normal,Standard,https://lichess.org/0LroePXs
WHxLSGjZ,2025.11.04,2025.11.04,19:28:13,AuraChessTransformer,AuraChessCNN,1594,1510,+4,-4,1-0,AuraChessTransformer,53,180+2,E68,Normal,Standard,https://lichess.org/WHxLSGjZ
rtpx5ck3,2025.11.04,2025.11.04,19:27:53,AuraChessCNN,AuraChessTransformer,1515,1589,-5,+5,0-1,AuraChessTransformer,28,180+2,B10,Normal,Standard,https://lichess.org/rtpx5ck3
kcWgsKwS,2025.11.04,2025.11.04,19:27:27,AuraChessTransformer,AuraChessCNN,1590,1513,-1,+2,1/2-1/2,Draw,34,180+2,B00,Normal,Standard,https://lichess.org/kcWgsKwS
s1Gb4Xij,2025.11.04,2025.11.04,19:27:03,AuraChessTransformer,AuraChessCNN,1592,1512,-2,+1,1/2-1/2,Draw,33,180+2,B16,Normal,Standard,https://lichess.org/s1Gb4Xij
iuDRB4Ho,2025.11.04,2025.11.04,19:26:43,AuraChessTransformer,AuraChessCNN,1587,1517,+5,-5,1-0,AuraChessTransformer,28,180+2,E18,Normal,Standard,https://lichess.org/iuDRB4Ho
TeNDUNtP,2025.11.04,2025.11.04,19:26:10,AuraChessCNN,AuraChessTransformer,1521,1582,-4,+5,0-1,AuraChessTransformer,48,180+2,B88,Normal,Standard,https://lichess.org/TeNDUNtP
eMAmGpqs,2025.11.04,2025.11.04,19:25:50,AuraChessCNN,AuraChessTransformer,1514,1589,+7,-7,1-0,AuraChessCNN,26,180+2,A13,Normal,Standard,https://lichess.org/eMAmGpqs
5uB25fpn,2025.11.04,2025.11.04,19:25:11,AuraChessTransformer,AuraChessCNN,1585,1519,+4,-5,1-0,AuraChessTransformer,55,180+2,E81,Normal,Standard,https://lichess.org/5uB25fpn
r8IG1rwB,2025.11.04,2025.11.04,19:24:47,AuraChessTransformer,AuraChessCNN,1592,1512,-7,+7,0-1,AuraChessCNN,33,180+2,C88,Normal,Standard,https://lichess.org/r8IG1rwB
i2Evd0gP,2025.11.04,2025.11.04,19:24:11,AuraChessCNN,AuraChessTransformer,1517,1587,-5,+5,0-1,AuraChessTransformer,53,180+2,C42,Normal,Standard,https://lichess.org/i2Evd0gP
SXXw3bQ2,2025.11.04,2025.11.04,19:24:00,AuraChessCNN,AuraChessTransformer,1510,1594,+7,-7,1-0,AuraChessCNN,12,180+2,C16,Normal,Standard,https://lichess.org/SXXw3bQ2
jX94P6tb,2025.11.04,2025.11.04,19:23:29,AuraChessCNN,AuraChessTransformer,1508,1595,+2,-1,1/2-1/2,Draw,44,180+2,B14,Normal,Standard,https://lichess.org/jX94P6tb
x9Gt1ImD,2025.11.04,2025.11.04,19:22:50,AuraChessCNN,AuraChessTransformer,1513,1591,-5,+4,0-1,AuraChessTransformer,56,180+2,C43,Normal,Standard,https://lichess.org/x9Gt1ImD
4Cn7e1Ga,2025.11.04,2025.11.04,19:22:12,AuraChessTransformer,AuraChessCNN,1592,1511,-1,+2,1/2-1/2,Draw,54,180+2,B92,Normal,Standard,https://lichess.org/4Cn7e1Ga
peec4N6Y,2025.11.04,2025.11.04,19:21:16,AuraChessCNN,AuraChessTransformer,1516,1588,-5,+4,0-1,AuraChessTransformer,84,180+2,C61,Normal,Standard,https://lichess.org/peec4N6Y
UFbSOnGR,2025.11.04,2025.11.04,19:20:41,AuraChessCNN,AuraChessTransformer,1521,1583,-5,+5,0-1,AuraChessTransformer,47,180+2,B83,Normal,Standard,https://lichess.org/UFbSOnGR
waLWYpnb,2025.11.04,2025.11.04,19:20:06,AuraChessCNN,AuraChessTransformer,1520,1584,+1,-1,1/2-1/2,Draw,52,180+2,E15,Normal,Standard,https://lichess.org/waLWYpnb
lOHZXN5Q,2025.11.04,2025.11.04,19:19:16,AuraChessCNN,AuraChessTransformer,1513,1591,+7,-7,1-0,AuraChessCNN,76,180+2,E18,Normal,Standard,https://lichess.org/lOHZXN5Q
zNEjTWDd,2025.11.04,2025.11.04,19:18:56,AuraChessCNN,AuraChessTransformer,1517,1586,-4,+5,0-1,AuraChessTransformer,26,180+2,C48,Normal,Standard,https://lichess.org/zNEjTWDd
B3VRhoEQ,2025.11.03,2025.11.03,19:18:44,AuraChessTransformer,AuraChessCNN,1570,1548,+6,-6,1-0,AuraChessTransformer,51,180+2,E94,Normal,Standard,https://lichess.org/B3VRhoEQ
FIJ1GsZz,2025.11.03,2025.11.03,19:18:22,AuraChessTransformer,AuraChessCNN,1571,1547,-1,+1,1/2-1/2,Draw,29,180+2,A41,Normal,Standard,https://lichess.org/FIJ1GsZz
eqZvc1Xj,2025.11.03,2025.11.03,19:17:57,AuraChessCNN,AuraChessTransformer,1553,1565,-6,+6,0-1,AuraChessTransformer,35,180+2,D46,Normal,Standard,https://lichess.org/eqZvc1Xj
9QzQp4xf,2025.11.03,2025.11.03,19:17:05,AuraChessTransformer,AuraChessCNN,1571,1547,-6,+6,0-1,AuraChessCNN,75,180+2,B22,Normal,Standard,https://lichess.org/9QzQp4xf
uCXhSxpc,2025.11.03,2025.11.03,19:16:22,AuraChessTransformer,AuraChessCNN,1577,1540,-6,+7,0-1,AuraChessCNN,62,180+2,B08,Normal,Standard,https://lichess.org/uCXhSxpc
TAaQkhSb,2025.11.03,2025.11.03,19:15:44,AuraChessTransformer,AuraChessCNN,1578,1540,-1,+0,1/2-1/2,Draw,54,180+2,B92,Normal,Standard,https://lichess.org/TAaQkhSb
jC3Epytz,2025.11.03,2025.11.03,19:15:16,AuraChessCNN,AuraChessTransformer,1545,1573,-5,+5,0-1,AuraChessTransformer,40,180+2,D37,Normal,Standard,https://lichess.org/jC3Epytz
caoosHkm,2025.11.03,2025.11.03,19:14:45,AuraChessTransformer,AuraChessCNN,1579,1539,-6,+6,0-1,AuraChessCNN,47,180+2,E48,Normal,Standard,https://lichess.org/caoosHkm
SMwokdxA,2025.11.03,2025.11.03,19:14:25,AuraChessTransformer,AuraChessCNN,1580,1538,-1,+1,1/2-1/2,Draw,25,180+2,A41,Normal,Standard,https://lichess.org/SMwokdxA
watjGQzY,2025.11.03,2025.11.03,19:14:04,AuraChessCNN,AuraChessTransformer,1543,1575,-5,+5,0-1,AuraChessTransformer,27,180+2,A45,Normal,Standard,https://lichess.org/watjGQzY
BgFmdAsP,2025.11.03,2025.11.03,19:13:44,AuraChessTransformer,AuraChessCNN,1575,1543,+0,+0,1/2-1/2,Draw,25,180+2,A33,Normal,Standard,https://lichess.org/BgFmdAsP
i5abDO67,2025.11.03,2025.11.03,19:13:22,AuraChessTransformer,AuraChessCNN,1582,1536,-7,+7,0-1,AuraChessCNN,33,180+2,C88,Normal,Standard,https://lichess.org/i5abDO67
bswOmn8w,2025.11.03,2025.11.03,19:13:02,AuraChessTransformer,AuraChessCNN,1588,1530,-6,+6,0-1,AuraChessCNN,26,180+2,D80,Normal,Standard,https://lichess.org/bswOmn8w
OsZb2R19,2025.11.03,2025.11.03,09:43:01,AuraChessTransformer,AuraChessCNN,1584,1515,+4,-5,1-0,AuraChessTransformer,43,180+2,A31,Normal,Standard,https://lichess.org/OsZb2R19
AYcrLwPP,2025.11.03,2025.11.03,09:42:27,AuraChessCNN,AuraChessTransformer,1514,1585,+1,-1,1/2-1/2,Draw,48,180+2,A14,Normal,Standard,https://lichess.org/AYcrLwPP
0sBkvRJ2,2025.11.03,2025.11.03,09:41:52,AuraChessTransformer,AuraChessCNN,1580,1518,+5,-4,1-0,AuraChessTransformer,51,180+2,E94,Normal,Standard,https://lichess.org/0sBkvRJ2
tTvrUgo8,2025.11.03,2025.11.03,09:41:26,AuraChessCNN,AuraChessTransformer,1523,1575,-5,+5,0-1,AuraChessTransformer,36,180+2,D20,Normal,Standard,https://lichess.org/tTvrUgo8
iNGGmSf2,2025.11.03,2025.11.03,09:40:42,AuraChessCNN,AuraChessTransformer,1516,1582,+7,-7,1-0,AuraChessCNN,65,180+2,D18,Normal,Standard,https://lichess.org/iNGGmSf2
QOLgdO4W,2025.11.03,2025.11.03,09:40:12,AuraChessCNN,AuraChessTransformer,1521,1577,-5,+5,0-1,AuraChessTransformer,40,180+2,E81,Normal,Standard,https://lichess.org/QOLgdO4W
BPK1FyhR,2025.11.03,2025.11.03,09:39:44,AuraChessCNN,AuraChessTransformer,1526,1572,-5,+5,0-1,AuraChessTransformer,39,180+2,D02,Normal,Standard,https://lichess.org/BPK1FyhR
KjaGePIT,2025.11.03,2025.11.03,09:39:22,AuraChessCNN,AuraChessTransformer,1519,1579,+7,-7,1-0,AuraChessCNN,31,180+2,C49,Normal,Standard,https://lichess.org/KjaGePIT
LH8DHVQY,2025.11.03,2025.11.03,09:38:48,AuraChessTransformer,AuraChessCNN,1574,1524,+5,-5,1-0,AuraChessTransformer,50,180+2,A36,Normal,Standard,https://lichess.org/LH8DHVQY
BO82nC3a,2025.11.03,2025.11.03,09:38:24,AuraChessCNN,AuraChessTransformer,1529,1569,-5,+5,0-1,AuraChessTransformer,32,180+2,C43,Normal,Standard,https://lichess.org/BO82nC3a
OoMELjKi,2025.11.03,2025.11.03,09:37:42,AuraChessTransformer,AuraChessCNN,1570,1529,-1,+0,1/2-1/2,Draw,61,180+2,A25,Normal,Standard,https://lichess.org/OoMELjKi
ZnC22nGg,2025.11.03,2025.11.03,09:37:10,AuraChessCNN,AuraChessTransformer,1528,1570,+1,+0,1/2-1/2,Draw,43,180+2,A46,Normal,Standard,https://lichess.org/ZnC22nGg
U0ofpoAd,2025.11.03,2025.11.03,09:36:25,AuraChessTransformer,AuraChessCNN,1571,1527,-1,+1,1/2-1/2,Draw,66,180+2,A28,Normal,Standard,https://lichess.org/U0ofpoAd
dTgNWKZc,2025.11.03,2025.11.03,09:35:43,AuraChessCNN,AuraChessTransformer,1526,1572,+1,-1,1/2-1/2,Draw,46,180+2,D37,Normal,Standard,https://lichess.org/dTgNWKZc
gy7lBqo4,2025.11.03,2025.11.03,09:35:24,AuraChessCNN,AuraChessTransformer,1519,1578,+7,-6,1-0,AuraChessCNN,20,180+2,B23,Normal,Standard,https://lichess.org/gy7lBqo4
GfRVQMhZ,2025.11.03,2025.11.03,09:34:38,AuraChessTransformer,AuraChessCNN,1585,1512,-7,+7,0-1,AuraChessCNN,61,180+2,A13,Normal,Standard,https://lichess.org/GfRVQMhZ
CmWxvh5e,2025.10.30,2025.10.30,20:03:27,AuraChessCNN,AuraChessTransformer,1517,1558,-5,+5,0-1,AuraChessTransformer,55,180+2,E41,Normal,Standard,https://lichess.org/CmWxvh5e
fg0Jz6w0,2025.10.30,2025.10.30,20:02:58,AuraChessCNN,AuraChessTransformer,1522,1553,-5,+5,0-1,AuraChessTransformer,39,180+2,E81,Normal,Standard,https://lichess.org/fg0Jz6w0
Fey0tgtD,2025.10.30,2025.10.30,20:02:25,AuraChessCNN,AuraChessTransformer,1522,1553,+0,+0,1/2-1/2,Draw,48,180+2,E15,Normal,Standard,https://lichess.org/Fey0tgtD
zTmq5xse,2025.10.30,2025.10.30,20:01:58,AuraChessTransformer,AuraChessCNN,1560,1515,-7,+7,0-1,AuraChessCNN,37,180+2,E32,Normal,Standard,https://lichess.org/zTmq5xse
wd8crzub,2025.10.30,2025.10.30,20:01:29,AuraChessTransformer,AuraChessCNN,1560,1514,+0,+1,1/2-1/2,Draw,39,180+2,B09,Normal,Standard,https://lichess.org/wd8crzub
gCWv37lA,2025.10.30,2025.10.30,20:00:41,AuraChessTransformer,AuraChessCNN,1567,1508,-7,+6,0-1,AuraChessCNN,70,180+2,D18,Normal,Standard,https://lichess.org/gCWv37lA
AO2IzxCU,2025.10.30,2025.10.30,20:00:17,AuraChessTransformer,AuraChessCNN,1574,1501,-7,+7,0-1,AuraChessCNN,33,180+2,C88,Normal,Standard,https://lichess.org/AO2IzxCU
1OqBZUld,2025.10.30,2025.10.30,19:59:53,AuraChessCNN,AuraChessTransformer,1500,1575,+1,-1,1/2-1/2,Draw,31,180+2,D31,Normal,Standard,https://lichess.org/1OqBZUld
Yzd4ZiVE,2025.10.30,2025.10.30,19:59:22,AuraChessCNN,AuraChessTransformer,1498,1576,+2,-1,1/2-1/2,Draw,46,180+2,D75,Normal,Standard,https://lichess.org/Yzd4ZiVE
aBPt725C,2025.10.30,2025.10.30,19:58:49,AuraChessCNN,AuraChessTransformer,1497,1578,+1,-2,1/2-1/2,Draw,43,180+2,D30,Normal,Standard,https://lichess.org/aBPt725C
xEJsH9VL,2025.10.30,2025.10.30,19:58:23,AuraChessTransformer,AuraChessCNN,1573,1502,+5,-5,1-0,AuraChessTransformer,37,180+2,D58,Normal,Standard,https://lichess.org/xEJsH9VL
zcmbDJQI,2025.10.30,2025.10.30,19:57:41,AuraChessTransformer,AuraChessCNN,1574,1500,-1,+2,1/2-1/2,Draw,61,180+2,A25,Normal,Standard,https://lichess.org/zcmbDJQI
EjSpvIjl,2025.10.30,2025.10.30,19:57:17,AuraChessCNN,AuraChessTransformer,1505,1570,-5,+4,0-1,AuraChessTransformer,32,180+2,C45,Normal,Standard,https://lichess.org/EjSpvIjl
jZKn87mn,2025.10.30,2025.10.30,19:56:40,AuraChessTransformer,AuraChessCNN,1577,1498,-7,+7,0-1,AuraChessCNN,54,180+2,C11,Normal,Standard,https://lichess.org/jZKn87mn
tENj7YGu,2025.10.30,2025.10.30,19:56:11,AuraChessCNN,AuraChessTransformer,1503,1572,-5,+5,0-1,AuraChessTransformer,40,180+2,A11,Normal,Standard,https://lichess.org/tENj7YGu
dLW6lDb8,2025.10.30,2025.10.30,19:55:33,AuraChessCNN,AuraChessTransformer,1507,1567,-4,+5,0-1,AuraChessTransformer,56,180+2,C84,Normal,Standard,https://lichess.org/dLW6lDb8
NS5jV6Jy,2025.10.30,2025.10.30,19:54:59,AuraChessCNN,AuraChessTransformer,1506,1568,+1,-1,1/2-1/2,Draw,46,180+2,A04,Normal,Standard,https://lichess.org/NS5jV6Jy
IigY5JNk,2025.10.30,2025.10.30,19:54:17,AuraChessTransformer,AuraChessCNN,1569,1505,-1,+1,1/2-1/2,Draw,61,180+2,D27,Normal,Standard,https://lichess.org/IigY5JNk
SSePZ6DC,2025.10.30,2025.10.30,19:53:25,AuraChessCNN,AuraChessTransformer,1498,1576,+7,-7,1-0,AuraChessCNN,76,180+2,E18,Normal,Standard,https://lichess.org/SSePZ6DC
5nM6UQDa,2025.10.30,2025.10.30,19:52:51,AuraChessCNN,AuraChessTransformer,1491,1583,+7,-7,1-0,AuraChessCNN,47,180+2,B70,Normal,Standard,https://lichess.org/5nM6UQDa
XY9ZbEkR,2025.10.30,2025.10.30,19:52:07,AuraChessTransformer,AuraChessCNN,1579,1496,+4,-5,1-0,AuraChessTransformer,64,180+2,E15,Normal,Standard,https://lichess.org/XY9ZbEkR
ykK4meFG,2025.10.30,2025.10.30,19:51:42,AuraChessCNN,AuraChessTransformer,1500,1574,-4,+5,0-1,AuraChessTransformer,35,180+2,D46,Normal,Standard,https://lichess.org/ykK4meFG
Zr9cGTdo,2025.10.30,2025.10.30,19:51:14,AuraChessCNN,AuraChessTransformer,1505,1570,-5,+4,0-1,AuraChessTransformer,40,180+2,B08,Normal,Standard,https://lichess.org/Zr9cGTdo
PnJysDh9,2025.10.30,2025.10.30,19:50:54,AuraChessTransformer,AuraChessCNN,1565,1509,+5,-4,1-0,AuraChessTransformer,26,180+2,C16,Normal,Standard,https://lichess.org/PnJysDh9
ryUCY3mb,2025.10.30,2025.10.30,19:50:15,AuraChessTransformer,AuraChessCNN,1560,1514,+5,-5,1-0,AuraChessTransformer,56,180+2,C69,Normal,Standard,https://lichess.org/ryUCY3mb
KcmrWhLL,2025.10.30,2025.10.30,19:49:43,AuraChessCNN,AuraChessTransformer,1520,1555,-6,+5,0-1,AuraChessTransformer,46,180+2,E94,Normal,Standard,https://lichess.org/KcmrWhLL
o6aqCa2M,2025.10.30,2025.10.30,19:49:09,AuraChessCNN,AuraChessTransformer,1525,1550,-5,+5,0-1,AuraChessTransformer,46,180+2,E94,Normal,Standard,https://lichess.org/o6aqCa2M
zymiXTUO,2025.10.30,2025.10.30,19:48:42,AuraChessCNN,AuraChessTransformer,1518,1556,+7,-6,1-0,AuraChessCNN,39,180+2,C53,Normal,Standard,https://lichess.org/zymiXTUO
7Nuk6MdE,2025.10.30,2025.10.30,19:47:50,AuraChessCNN,AuraChessTransformer,1512,1562,+6,-6,1-0,AuraChessCNN,76,180+2,E18,Normal,Standard,https://lichess.org/7Nuk6MdE
jWv6cqas,2025.10.30,2025.10.30,19:47:21,AuraChessCNN,AuraChessTransformer,1505,1569,+7,-7,1-0,AuraChessCNN,42,180+2,E10,Normal,Standard,https://lichess.org/jWv6cqas
GAjZASJ8,2025.10.30,2025.10.30,19:46:49,AuraChessCNN,AuraChessTransformer,1510,1564,-5,+5,0-1,AuraChessTransformer,43,180+2,E12,Normal,Standard,https://lichess.org/GAjZASJ8
EJgXJox7,2025.10.30,2025.10.30,19:46:17,AuraChessTransformer,AuraChessCNN,1559,1515,+5,-5,1-0,AuraChessTransformer,47,180+2,C80,Normal,Standard,https://lichess.org/EJgXJox7
MLeNLr2k,2025.10.30,2025.10.30,19:45:42,AuraChessTransformer,AuraChessCNN,1566,1508,-7,+7,0-1,AuraChessCNN,47,180+2,E48,Normal,Standard,https://lichess.org/MLeNLr2k
nOYYcYvD,2025.10.30,2025.10.30,19:45:05,AuraChessTransformer,AuraChessCNN,1573,1502,-7,+6,0-1,AuraChessCNN,54,180+2,C11,Normal,Standard,https://lichess.org/nOYYcYvD
y7VlPvkr,2025.10.30,2025.10.30,19:44:42,AuraChessCNN,AuraChessTransformer,1506,1568,-4,+5,0-1,AuraChessTransformer,32,180+2,C45,Normal,Standard,https://lichess.org/y7VlPvkr
EW5qJgh8,2025.10.30,2025.10.30,19:44:10,AuraChessTransformer,AuraChessCNN,1563,1511,+5,-5,1-0,AuraChessTransformer,45,180+2,A81,Normal,Standard,https://lichess.org/EW5qJgh8
BGFsskeS,2025.10.30,2025.10.30,19:43:31,AuraChessTransformer,AuraChessCNN,1564,1510,-1,+1,1/2-1/2,Draw,54,180+2,B92,Normal,Standard,https://lichess.org/BGFsskeS
3QbpFNoh,2025.10.30,2025.10.30,19:42:46,AuraChessCNN,AuraChessTransformer,1503,1571,+7,-7,1-0,AuraChessCNN,66,180+2,B28,Normal,Standard,https://lichess.org/3QbpFNoh
3qKIIqJO,2025.10.30,2025.10.30,19:42:03,AuraChessTransformer,AuraChessCNN,1566,1508,+5,-5,1-0,AuraChessTransformer,61,180+2,D16,Normal,Standard,https://lichess.org/3qKIIqJO
M4irv3Go,2025.10.30,2025.10.30,19:41:32,AuraChessCNN,AuraChessTransformer,1501,1573,+7,-7,1-0,AuraChessCNN,46,180+2,B31,Normal,Standard,https://lichess.org/M4irv3Go
QIk4VwsU,2025.10.30,2025.10.30,19:40:54,AuraChessCNN,AuraChessTransformer,1506,1568,-5,+5,0-1,AuraChessTransformer,53,180+2,A29,Normal,Standard,https://lichess.org/QIk4VwsU
m548JvFx,2025.10.30,2025.10.30,19:40:03,AuraChessCNN,AuraChessTransformer,1499,1575,+7,-7,1-0,AuraChessCNN,76,180+2,E18,Normal,Standard,https://lichess.org/m548JvFx
zxd7ldDY,2025.10.30,2025.10.30,19:39:37,AuraChessCNN,AuraChessTransformer,1492,1582,+7,-7,1-0,AuraChessCNN,37,180+2,C45,Normal,Standard,https://lichess.org/zxd7ldDY
gkD1CNhl,2025.10.30,2025.10.30,19:38:48,AuraChessTransformer,AuraChessCNN,1589,1485,-7,+7,0-1,AuraChessCNN,70,180+2,D18,Normal,Standard,https://lichess.org/gkD1CNhl
M9lQcyty,2025.10.30,2025.10.30,19:38:22,AuraChessCNN,AuraChessTransformer,1489,1585,-4,+4,0-1,AuraChessTransformer,35,180+2,D46,Normal,Standard,https://lichess.org/M9lQcyty
w3yLP7x2,2025.10.30,2025.10.30,19:37:49,AuraChessCNN,AuraChessTransformer,1493,1581,-4,+4,0-1,AuraChessTransformer,47,180+2,D58,Normal,Standard,https://lichess.org/w3yLP7x2
kTakJ53O,2025.10.30,2025.10.30,19:37:10,AuraChessTransformer,AuraChessCNN,1576,1497,+5,-4,1-0,AuraChessTransformer,55,180+2,E81,Normal,Standard,https://lichess.org/kTakJ53O
XRKcOmuU,2025.10.30,2025.10.30,19:36:40,AuraChessCNN,AuraChessTransformer,1502,1572,-5,+4,0-1,AuraChessTransformer,43,180+2,E12,Normal,Standard,https://lichess.org/XRKcOmuU
0YVcCjnJ,2025.10.30,2025.10.30,19:36:21,AuraChessCNN,AuraChessTransformer,1495,1579,+7,-7,1-0,AuraChessCNN,26,180+2,B42,Normal,Standard,https://lichess.org/0YVcCjnJ
m3yTQSZ1,2025.10.30,2025.10.30,19:35:57,AuraChessTransformer,AuraChessCNN,1586,1488,-7,+7,0-1,AuraChessCNN,32,180+2,E12,Normal,Standard,https://lichess.org/m3yTQSZ1
nL9klf9o,2025.10.30,2025.10.30,19:35:38,AuraChessCNN,AuraChessTransformer,1480,1593,+8,-7,1-0,AuraChessCNN,26,180+2,C80,Normal,Standard,https://lichess.org/nL9klf9o
bwUlok7x,2025.10.30,2025.10.30,19:34:49,AuraChessTransformer,AuraChessCNN,1589,1484,+4,-4,1-0,AuraChessTransformer,72,180+2,C08,Normal,Standard,https://lichess.org/bwUlok7x
MvoGAlCc,2025.10.30,2025.10.30,19:34:16,AuraChessCNN,AuraChessTransformer,1488,1585,-4,+4,0-1,AuraChessTransformer,46,180+2,E94,Normal,Standard,https://lichess.org/MvoGAlCc
6F6MklYP,2025.10.30,2025.10.30,19:33:39,AuraChessTransformer,AuraChessCNN,1593,1481,-8,+7,0-1,AuraChessCNN,54,180+2,C03,Normal,Standard,https://lichess.org/6F6MklYP
djcaJU0Y,2025.10.30,2025.10.30,19:33:00,AuraChessCNN,AuraChessTransformer,1485,1589,-4,+4,0-1,AuraChessTransformer,55,180+2,E47,Normal,Standard,https://lichess.org/djcaJU0Y
pOREbL8l,2025.10.30,2025.10.30,19:32:15,AuraChessCNN,AuraChessTransformer,1489,1584,-4,+5,0-1,AuraChessTransformer,66,180+2,B44,Normal,Standard,https://lichess.org/pOREbL8l
jRpLHIcf,2025.10.30,2025.10.30,19:31:41,AuraChessTransformer,AuraChessCNN,1580,1493,+4,-4,1-0,AuraChessTransformer,48,180+2,B06,Normal,Standard,https://lichess.org/jRpLHIcf
SnV8hj9w,2025.10.30,2025.10.30,19:31:09,AuraChessCNN,AuraChessTransformer,1498,1576,-5,+4,0-1,AuraChessTransformer,43,180+2,E12,Normal,Standard,https://lichess.org/SnV8hj9w
a0D69yBR,2025.10.30,2025.10.30,19:30:32,AuraChessTransformer,AuraChessCNN,1577,1497,-1,+1,1/2-1/2,Draw,54,180+2,B92,Normal,Standard,https://lichess.org/a0D69yBR
rPcu5A8P,2025.10.30,2025.10.30,19:29:55,AuraChessCNN,AuraChessTransformer,1489,1584,+8,-7,1-0,AuraChessCNN,53,180+2,C48,Normal,Standard,https://lichess.org/rPcu5A8P
lT3tPK1K,2025.10.30,2025.10.30,19:29:17,AuraChessTransformer,AuraChessCNN,1580,1494,+4,-5,1-0,AuraChessTransformer,55,180+2,E81,Normal,Standard,https://lichess.org/lT3tPK1K
gsMWbA9d,2025.10.30,2025.10.30,19:28:52,AuraChessCNN,AuraChessTransformer,1498,1575,-4,+5,0-1,AuraChessTransformer,34,180+2,D16,Normal,Standard,https://lichess.org/gsMWbA9d
UbXoPiod,2025.10.30,2025.10.30,19:28:26,AuraChessCNN,AuraChessTransformer,1503,1571,-5,+4,0-1,AuraChessTransformer,37,180+2,A46,Normal,Standard,https://lichess.org/UbXoPiod
6jRPFmQv,2025.10.30,2025.10.30,19:28:07,AuraChessTransformer,AuraChessCNN,1566,1507,+5,-4,1-0,AuraChessTransformer,24,180+2,B52,Normal,Standard,https://lichess.org/6jRPFmQv
DyEVSdZd,2025.10.30,2025.10.30,19:27:38,AuraChessCNN,AuraChessTransformer,1507,1567,+0,-1,1/2-1/2,Draw,42,180+2,A46,Normal,Standard,https://lichess.org/DyEVSdZd
A2PlMG14,2025.10.30,2025.10.30,19:27:02,AuraChessCNN,AuraChessTransformer,1511,1562,-4,+5,0-1,AuraChessTransformer,50,180+2,A45,Normal,Standard,https://lichess.org/A2PlMG14
LJVCs89m,2025.10.30,2025.10.30,19:26:30,AuraChessCNN,AuraChessTransformer,1516,1557,-5,+5,0-1,AuraChessTransformer,46,180+2,E94,Normal,Standard,https://lichess.org/LJVCs89m
t3RZFyEt,2025.10.30,2025.10.30,19:26:05,AuraChessTransformer,AuraChessCNN,1552,1522,+5,-6,1-0,AuraChessTransformer,35,180+2,A17,Normal,Standard,https://lichess.org/t3RZFyEt
2iXwC4qk,2025.10.30,2025.10.30,19:25:16,AuraChessCNN,AuraChessTransformer,1515,1558,+7,-6,1-0,AuraChessCNN,70,180+2,D82,Normal,Standard,https://lichess.org/2iXwC4qk
9MsUeaGb,2025.10.30,2025.10.30,19:24:22,AuraChessTransformer,AuraChessCNN,1565,1509,-7,+6,0-1,AuraChessCNN,79,180+2,B12,Normal,Standard,https://lichess.org/9MsUeaGb
HpOtUCTX,2025.10.30,2025.10.30,19:24:00,AuraChessCNN,AuraChessTransformer,1514,1560,-5,+5,0-1,AuraChessTransformer,31,180+2,D07,Normal,Standard,https://lichess.org/HpOtUCTX
m5sRxAey,2025.10.30,2025.10.30,19:23:33,AuraChessTransformer,AuraChessCNN,1566,1507,-6,+7,0-1,AuraChessCNN,37,180+2,E32,Normal,Standard,https://lichess.org/m5sRxAey
1AMRgeaC,2025.10.30,2025.10.30,19:22:56,AuraChessTransformer,AuraChessCNN,1567,1506,-1,+1,1/2-1/2,Draw,52,180+2,B74,Normal,Standard,https://lichess.org/1AMRgeaC
0tkkz9wL,2025.10.30,2025.10.30,19:22:21,AuraChessTransformer,AuraChessCNN,1562,1511,+5,-5,1-0,AuraChessTransformer,51,180+2,E94,Normal,Standard,https://lichess.org/0tkkz9wL
1DpdFBp4,2025.10.30,2025.10.30,19:21:53,AuraChessTransformer,AuraChessCNN,1557,1516,+5,-5,1-0,AuraChessTransformer,37,180+2,D58,Normal,Standard,https://lichess.org/1DpdFBp4
DEj5A7F6,2025.10.30,2025.10.30,19:21:36,AuraChessTransformer,AuraChessCNN,1552,1521,+5,-5,1-0,AuraChessTransformer,25,180+2,A40,Normal,Standard,https://lichess.org/DEj5A7F6
uctboofd,2025.10.30,2025.10.30,19:21:16,AuraChessCNN,AuraChessTransformer,1514,1559,+7,-7,1-0,AuraChessCNN,27,180+2,B92,Normal,Standard,https://lichess.org/uctboofd
XVMNr8Ed,2025.10.30,2025.10.30,19:20:53,AuraChessTransformer,AuraChessCNN,1565,1508,-6,+6,0-1,AuraChessCNN,31,180+2,D85,Normal,Standard,https://lichess.org/XVMNr8Ed
QoHUS1pT,2025.10.30,2025.10.30,19:20:28,AuraChessCNN,AuraChessTransformer,1513,1560,-5,+5,0-1,AuraChessTransformer,35,180+2,D46,Normal,Standard,https://lichess.org/QoHUS1pT
yHkrKHv7,2025.10.30,2025.10.30,19:20:03,AuraChessTransformer,AuraChessCNN,1567,1506,-7,+7,0-1,AuraChessCNN,33,180+2,C88,Normal,Standard,https://lichess.org/yHkrKHv7
vdb9z8he,2025.10.30,2025.10.30,19:19:31,AuraChessCNN,AuraChessTransformer,1511,1562,-5,+5,0-1,AuraChessTransformer,44,180+2,B28,Normal,Standard,https://lichess.org/vdb9z8he
lqyxrfx5,2025.10.30,2025.10.30,19:18:55,AuraChessCNN,AuraChessTransformer,1516,1557,-5,+5,0-1,AuraChessTransformer,52,180+2,E20,Normal,Standard,https://lichess.org/lqyxrfx5
liCmKL2M,2025.10.30,2025.10.30,19:18:19,AuraChessCNN,AuraChessTransformer,1521,1552,-5,+5,0-1,AuraChessTransformer,53,180+2,E46,Normal,Standard,https://lichess.org/liCmKL2M
LSBiJAkE,2025.10.30,2025.10.30,19:17:34,AuraChessTransformer,AuraChessCNN,1546,1526,+6,-5,1-0,AuraChessTransformer,64,180+2,E15,Normal,Standard,https://lichess.org/LSBiJAkE
fcMTt9Fd,2025.10.30,2025.10.30,19:17:07,AuraChessCNN,AuraChessTransformer,1520,1553,+6,-7,1-0,AuraChessCNN,39,180+2,A29,Normal,Standard,https://lichess.org/fcMTt9Fd
w7CZ4VF8,2025.10.30,2025.10.30,19:16:33,AuraChessCNN,AuraChessTransformer,1526,1547,-6,+6,0-1,AuraChessTransformer,46,180+2,E94,Normal,Standard,https://lichess.org/w7CZ4VF8
pBFtEVN2,2025.10.30,2025.10.30,19:16:04,AuraChessTransformer,AuraChessCNN,1542,1531,+5,-5,1-0,AuraChessTransformer,42,180+2,B17,Normal,Standard,https://lichess.org/pBFtEVN2
r1Jee7IK,2025.10.30,2025.10.30,19:15:25,AuraChessCNN,AuraChessTransformer,1537,1536,-6,+6,0-1,AuraChessTransformer,56,180+2,C11,Normal,Standard,https://lichess.org/r1Jee7IK
WvaYoOU7,2025.10.30,2025.10.30,19:14:45,AuraChessTransformer,AuraChessCNN,1542,1531,-6,+6,0-1,AuraChessCNN,56,180+2,E41,Normal,Standard,https://lichess.org/WvaYoOU7
x53MVzZH,2025.10.30,2025.10.30,19:14:07,AuraChessTransformer,AuraChessCNN,1542,1531,+0,+0,1/2-1/2,Draw,57,180+2,D10,Normal,Standard,https://lichess.org/x53MVzZH
rDQzCYNy,2025.10.30,2025.10.30,19:13:44,AuraChessCNN,AuraChessTransformer,1525,1548,+6,-6,1-0,AuraChessCNN,32,180+2,E71,Normal,Standard,https://lichess.org/rDQzCYNy
WlXZ82z5,2025.10.30,2025.10.30,19:13:04,AuraChessCNN,AuraChessTransformer,1530,1543,-5,+5,0-1,AuraChessTransformer,56,180+2,C84,Normal,Standard,https://lichess.org/WlXZ82z5
enWOiGE7,2025.10.30,2025.10.30,19:12:35,AuraChessTransformer,AuraChessCNN,1537,1536,+6,-6,1-0,AuraChessTransformer,42,180+2,B17,Normal,Standard,https://lichess.org/enWOiGE7
NSyoSnXh,2025.10.30,2025.10.30,19:11:55,AuraChessTransformer,AuraChessCNN,1537,1536,+0,+0,1/2-1/2,Draw,54,180+2,B92,Normal,Standard,https://lichess.org/NSyoSnXh
IfK9pmUE,2025.10.30,2025.10.30,19:11:01,AuraChessTransformer,AuraChessCNN,1543,1530,-6,+6,0-1,AuraChessCNN,68,180+2,B43,Normal,Standard,https://lichess.org/IfK9pmUE
euRSLmuW,2025.10.30,2025.10.30,19:10:19,AuraChessCNN,AuraChessTransformer,1535,1537,-5,+6,0-1,AuraChessTransformer,56,180+2,C84,Normal,Standard,https://lichess.org/euRSLmuW
yxsBNMua,2025.10.30,2025.10.30,19:09:42,AuraChessTransformer,AuraChessCNN,1543,1530,-6,+5,0-1,AuraChessCNN,47,180+2,B52,Normal,Standard,https://lichess.org/yxsBNMua
hKkwWM2X,2025.10.30,2025.10.30,19:09:21,AuraChessCNN,AuraChessTransformer,1523,1549,+7,-6,1-0,AuraChessCNN,27,180+2,B45,Normal,Standard,https://lichess.org/hKkwWM2X
TZtQMm9i,2025.10.30,2025.10.30,19:08:48,AuraChessTransformer,AuraChessCNN,1550,1523,-1,+0,1/2-1/2,Draw,44,180+2,A44,Normal,Standard,https://lichess.org/TZtQMm9i
